[1,["2fJBNJqkhPgKISOurcRx0N"],0,[["sp.SkeletonData",["_name","_atlasText","textureNames","_skeletonJson","textures"],-1,3]],[[0,0,1,2,3,4,5]],[[0,"loading_rikvip","\nloading_rikvip.png\nsize: 560,560\nformat: RGBA8888\nfilter: Linear,Linear\nrepeat: none\ndomsang\n  rotate: false\n  xy: 443, 62\n  size: 40, 40\n  orig: 40, 40\n  offset: 0, 0\n  index: -1\nelight\n  rotate: true\n  xy: 462, 259\n  size: 109, 43\n  orig: 109, 43\n  offset: 0, 0\n  index: -1\nflag0\n  rotate: false\n  xy: 2, 27\n  size: 194, 185\n  orig: 194, 185\n  offset: 0, 0\n  index: -1\nflag3\n  rotate: false\n  xy: 198, 41\n  size: 138, 171\n  orig: 138, 171\n  offset: 0, 0\n  index: -1\nli0\n  rotate: false\n  xy: 462, 370\n  size: 58, 101\n  orig: 58, 101\n  offset: 0, 0\n  index: -1\nli1\n  rotate: false\n  xy: 338, 111\n  size: 62, 101\n  orig: 62, 101\n  offset: 0, 0\n  index: -1\nlogo3\n  rotate: false\n  xy: 2, 214\n  size: 458, 344\n  orig: 458, 344\n  offset: 0, 0\n  index: -1\nlogo4\n  rotate: false\n  xy: 462, 473\n  size: 93, 85\n  orig: 93, 85\n  offset: 0, 0\n  index: -1\nlogo5\n  rotate: false\n  xy: 507, 251\n  size: 26, 56\n  orig: 26, 56\n  offset: 0, 0\n  index: -1\nlogo6\n  rotate: true\n  xy: 403, 46\n  size: 14, 54\n  orig: 14, 54\n  offset: 0, 0\n  index: -1\nlogo7\n  rotate: false\n  xy: 507, 309\n  size: 26, 59\n  orig: 26, 59\n  offset: 0, 0\n  index: -1\nlogo8\n  rotate: false\n  xy: 511, 17\n  size: 30, 24\n  orig: 30, 24\n  offset: 0, 0\n  index: -1\nrcbn0\n  rotate: true\n  xy: 338, 2\n  size: 42, 50\n  orig: 42, 50\n  offset: 0, 0\n  index: -1\nrcbn1\n  rotate: false\n  xy: 449, 156\n  size: 33, 50\n  orig: 33, 50\n  offset: 0, 0\n  index: -1\nrcbn10\n  rotate: true\n  xy: 2, 8\n  size: 17, 48\n  orig: 17, 48\n  offset: 0, 0\n  index: -1\nrcbn11\n  rotate: true\n  xy: 52, 8\n  size: 17, 48\n  orig: 17, 48\n  offset: 0, 0\n  index: -1\nrcbn12\n  rotate: false\n  xy: 484, 107\n  size: 30, 48\n  orig: 30, 48\n  offset: 0, 0\n  index: -1\nrcbn13\n  rotate: false\n  xy: 522, 373\n  size: 36, 48\n  orig: 36, 48\n  offset: 0, 0\n  index: -1\nrcbn14\n  rotate: false\n  xy: 402, 163\n  size: 45, 49\n  orig: 45, 49\n  offset: 0, 0\n  index: -1\nrcbn15\n  rotate: false\n  xy: 403, 62\n  size: 38, 49\n  orig: 38, 49\n  offset: 0, 0\n  index: -1\nrcbn16\n  rotate: false\n  xy: 479, 5\n  size: 30, 48\n  orig: 30, 48\n  offset: 0, 0\n  index: -1\nrcbn17\n  rotate: true\n  xy: 198, 24\n  size: 15, 48\n  orig: 15, 48\n  offset: 0, 0\n  index: -1\nrcbn18\n  rotate: true\n  xy: 248, 24\n  size: 15, 48\n  orig: 15, 48\n  offset: 0, 0\n  index: -1\nrcbn19\n  rotate: false\n  xy: 512, 43\n  size: 30, 48\n  orig: 30, 48\n  offset: 0, 0\n  index: -1\nrcbn2\n  rotate: false\n  xy: 533, 155\n  size: 25, 50\n  orig: 25, 50\n  offset: 0, 0\n  index: -1\nrcbn20\n  rotate: false\n  xy: 462, 208\n  size: 38, 49\n  orig: 38, 49\n  offset: 0, 0\n  index: -1\nrcbn21\n  rotate: false\n  xy: 390, 2\n  size: 47, 42\n  orig: 47, 42\n  offset: 0, 0\n  index: -1\nrcbn22\n  rotate: false\n  xy: 439, 2\n  size: 38, 42\n  orig: 38, 42\n  offset: 0, 0\n  index: -1\nrcbn23\n  rotate: true\n  xy: 516, 124\n  size: 29, 42\n  orig: 29, 42\n  offset: 0, 0\n  index: -1\nrcbn24\n  rotate: true\n  xy: 153, 8\n  size: 17, 42\n  orig: 17, 42\n  offset: 0, 0\n  index: -1\nrcbn25\n  rotate: false\n  xy: 535, 329\n  size: 17, 42\n  orig: 17, 42\n  offset: 0, 0\n  index: -1\nrcbn26\n  rotate: true\n  xy: 516, 93\n  size: 29, 42\n  orig: 29, 42\n  offset: 0, 0\n  index: -1\nrcbn27\n  rotate: false\n  xy: 502, 207\n  size: 38, 42\n  orig: 38, 42\n  offset: 0, 0\n  index: -1\nrcbn3\n  rotate: false\n  xy: 484, 157\n  size: 15, 49\n  orig: 15, 49\n  offset: 0, 0\n  index: -1\nrcbn4\n  rotate: true\n  xy: 102, 10\n  size: 15, 49\n  orig: 15, 49\n  offset: 0, 0\n  index: -1\nrcbn5\n  rotate: false\n  xy: 485, 55\n  size: 25, 50\n  orig: 25, 50\n  offset: 0, 0\n  index: -1\nrcbn6\n  rotate: false\n  xy: 449, 104\n  size: 33, 50\n  orig: 33, 50\n  offset: 0, 0\n  index: -1\nrcbn7\n  rotate: false\n  xy: 402, 113\n  size: 45, 48\n  orig: 45, 48\n  offset: 0, 0\n  index: -1\nrcbn8\n  rotate: false\n  xy: 522, 423\n  size: 36, 48\n  orig: 36, 48\n  offset: 0, 0\n  index: -1\nrcbn9\n  rotate: false\n  xy: 501, 157\n  size: 30, 48\n  orig: 30, 48\n  offset: 0, 0\n  index: -1\nstar1\n  rotate: false\n  xy: 338, 46\n  size: 63, 63\n  orig: 63, 63\n  offset: 0, 0\n  index: -1\n",["loading_rikvip.png"],{"skeleton":{"hash":"91gThZod8nqiQ/d20f8XT9Qsfdw","spine":"3.7.93","width":514.71,"height":445.43,"images":"","audio":""},"bones":[{"name":"root"},{"name":"bone3","parent":"root","length":131.07,"rotation":128.49,"x":-3.85,"y":-38.07,"scaleX":0.539,"scaleY":0.539},{"name":"bone","parent":"bone3","length":13.93,"rotation":-38.49,"x":14.04,"y":-131.48},{"name":"bone2","parent":"bone3","length":12.96,"rotation":-38.49,"x":5.68,"y":-65.57},{"name":"bone6","parent":"root","length":8.98,"rotation":90,"x":99.32,"y":-152.71},{"name":"bone7","parent":"root","length":9.07,"rotation":90,"x":-97.44,"y":-150.86},{"name":"bone8","parent":"root","length":9.55,"rotation":90,"x":37.15,"y":-150.16},{"name":"bone9","parent":"root","length":12.88,"rotation":90,"x":-28.66,"y":-152.95},{"name":"bone10","parent":"root","length":4.19,"rotation":90,"x":-142.2,"y":-93.67},{"name":"bone11","parent":"root","length":24.33,"rotation":-179.64,"x":-239.9,"y":0.32},{"name":"bone12","parent":"root","length":24.33,"rotation":-179.64,"x":-239.9,"y":0.32},{"name":"bone13","parent":"root","length":17.38,"rotation":90,"x":-150.51,"y":88.79},{"name":"bone14","parent":"root","length":22.96,"rotation":108.43,"x":-24.41,"y":205.14},{"name":"bone5","parent":"bone3","length":13.93,"rotation":-38.49,"x":14.04,"y":-131.48},{"name":"bone4","parent":"bone3","length":12.96,"rotation":-38.49,"x":5.68,"y":-65.57}],"slots":[{"name":"flag0","bone":"root","attachment":"flag0"},{"name":"li0","bone":"bone2","blend":"multiply"},{"name":"li2","bone":"bone4","blend":"multiply"},{"name":"li1","bone":"bone","color":"ffffff7a","blend":"additive"},{"name":"li3","bone":"bone5","color":"ffffff7a","blend":"additive"},{"name":"flag3","bone":"root","attachment":"flag3"},{"name":"logo3","bone":"root","attachment":"logo3"},{"name":"logo4","bone":"root"},{"name":"logo5","bone":"root","attachment":"logo5","blend":"additive"},{"name":"logo6","bone":"root","attachment":"logo6","blend":"additive"},{"name":"logo7","bone":"root","attachment":"logo7","blend":"additive"},{"name":"logo8","bone":"root","attachment":"logo8"},{"name":"ro","bone":"bone6","attachment":"rcbn0"},{"name":"ro2","bone":"bone6","attachment":"rcbn6","blend":"additive"},{"name":"bich","bone":"bone7","attachment":"rcbn13"},{"name":"bich2","bone":"bone7","attachment":"rcbn13","blend":"additive"},{"name":"chuon","bone":"bone8","attachment":"rcbn20"},{"name":"chuon2","bone":"bone8","attachment":"rcbn20","blend":"additive"},{"name":"co","bone":"bone9","attachment":"rcbn27"},{"name":"co2","bone":"bone9","attachment":"rcbn27","blend":"additive"},{"name":"domsang","bone":"bone10","attachment":"domsang"},{"name":"elight","bone":"bone11","attachment":"elight","blend":"additive"},{"name":"elight2","bone":"bone12","attachment":"elight","blend":"additive"},{"name":"star1","bone":"bone13","attachment":"star1"}],"skins":[{"name":"default","attachments":{"bich":{"rcbn7":{"type":"mesh","hull":4,"width":45,"height":48,"uvs":[1,1,0,1,0,0,1,0],"triangles":[1,2,3,1,3,0],"vertices":[-24,-23,-24,22,24,22,24,-23],"edges":[0,2,2,4,4,6,0,6]},"rcbn8":{"type":"mesh","hull":4,"width":36,"height":48,"uvs":[1,1,0,1,0,0,1,0],"triangles":[1,2,3,1,3,0],"vertices":[-24,-18,-24,18,24,18,24,-18],"edges":[0,2,2,4,4,6,0,6]},"rcbn9":{"type":"mesh","hull":4,"width":30,"height":48,"uvs":[1,1,0,1,0,0,1,0],"triangles":[1,2,3,1,3,0],"vertices":[-24,-15,-24,15,24,15,24,-15],"edges":[0,2,2,4,4,6,0,6]},"rcbn10":{"type":"mesh","hull":4,"width":17,"height":48,"uvs":[1,1,0,1,0,0,1,0],"triangles":[1,2,3,1,3,0],"vertices":[-24,-9,-24,8,24,8,24,-9],"edges":[0,2,2,4,4,6,0,6]},"rcbn11":{"type":"mesh","hull":4,"width":17,"height":48,"uvs":[1,1,0,1,0,0,1,0],"triangles":[1,2,3,1,3,0],"vertices":[-24,-9,-24,8,24,8,24,-9],"edges":[0,2,2,4,4,6,0,6]},"rcbn12":{"type":"mesh","hull":4,"width":30,"height":48,"uvs":[1,1,0,1,0,0,1,0],"triangles":[1,2,3,1,3,0],"vertices":[-24,-15,-24,15,24,15,24,-15],"edges":[0,2,2,4,4,6,0,6]},"rcbn13":{"type":"mesh","hull":4,"width":36,"height":48,"uvs":[1,1,0,1,0,0,1,0],"triangles":[1,2,3,1,3,0],"vertices":[-24,-18,-24,18,24,18,24,-18],"edges":[0,2,2,4,4,6,0,6]}},"bich2":{"rcbn7":{"type":"mesh","hull":4,"width":45,"height":48,"uvs":[1,1,0,1,0,0,1,0],"triangles":[1,2,3,1,3,0],"vertices":[-24,-23,-24,22,24,22,24,-23],"edges":[0,2,2,4,4,6,0,6]},"rcbn8":{"type":"mesh","hull":4,"width":36,"height":48,"uvs":[1,1,0,1,0,0,1,0],"triangles":[1,2,3,1,3,0],"vertices":[-24,-18,-24,18,24,18,24,-18],"edges":[0,2,2,4,4,6,0,6]},"rcbn9":{"type":"mesh","hull":4,"width":30,"height":48,"uvs":[1,1,0,1,0,0,1,0],"triangles":[1,2,3,1,3,0],"vertices":[-24,-15,-24,15,24,15,24,-15],"edges":[0,2,2,4,4,6,0,6]},"rcbn10":{"type":"mesh","hull":4,"width":17,"height":48,"uvs":[1,1,0,1,0,0,1,0],"triangles":[1,2,3,1,3,0],"vertices":[-24,-9,-24,8,24,8,24,-9],"edges":[0,2,2,4,4,6,0,6]},"rcbn11":{"type":"mesh","hull":4,"width":17,"height":48,"uvs":[1,1,0,1,0,0,1,0],"triangles":[1,2,3,1,3,0],"vertices":[-24,-9,-24,8,24,8,24,-9],"edges":[0,2,2,4,4,6,0,6]},"rcbn12":{"type":"mesh","hull":4,"width":30,"height":48,"uvs":[1,1,0,1,0,0,1,0],"triangles":[1,2,3,1,3,0],"vertices":[-24,-15,-24,15,24,15,24,-15],"edges":[0,2,2,4,4,6,0,6]},"rcbn13":{"type":"mesh","hull":4,"width":36,"height":48,"uvs":[1,1,0,1,0,0,1,0],"triangles":[1,2,3,1,3,0],"vertices":[-24,-18,-24,18,24,18,24,-18],"edges":[0,2,2,4,4,6,0,6]}},"chuon":{"rcbn14":{"type":"mesh","hull":4,"width":45,"height":49,"uvs":[1,1,0,1,0,0,1,0],"triangles":[1,2,3,1,3,0],"vertices":[-24,-23,-24,22,25,22,25,-23],"edges":[0,2,2,4,4,6,0,6]},"rcbn15":{"type":"mesh","hull":4,"width":38,"height":49,"uvs":[1,1,0,1,0,0,1,0],"triangles":[1,2,3,1,3,0],"vertices":[-24,-19,-24,19,25,19,25,-19],"edges":[0,2,2,4,4,6,0,6]},"rcbn16":{"type":"mesh","hull":4,"width":30,"height":48,"uvs":[1,1,0,1,0,0,1,0],"triangles":[1,2,3,1,3,0],"vertices":[-24,-15,-24,15,24,15,24,-15],"edges":[0,2,2,4,4,6,0,6]},"rcbn17":{"type":"mesh","hull":4,"width":15,"height":48,"uvs":[1,1,0,1,0,0,1,0],"triangles":[1,2,3,1,3,0],"vertices":[-24,-8,-24,7,24,7,24,-8],"edges":[0,2,2,4,4,6,0,6]},"rcbn18":{"type":"mesh","hull":4,"width":15,"height":48,"uvs":[1,1,0,1,0,0,1,0],"triangles":[1,2,3,1,3,0],"vertices":[-24,-8,-24,7,24,7,24,-8],"edges":[0,2,2,4,4,6,0,6]},"rcbn19":{"type":"mesh","hull":4,"width":30,"height":48,"uvs":[1,1,0,1,0,0,1,0],"triangles":[1,2,3,1,3,0],"vertices":[-24,-15,-24,15,24,15,24,-15],"edges":[0,2,2,4,4,6,0,6]},"rcbn20":{"type":"mesh","hull":4,"width":38,"height":49,"uvs":[1,1,0,1,0,0,1,0],"triangles":[1,2,3,1,3,0],"vertices":[-24,-19,-24,19,25,19,25,-19],"edges":[0,2,2,4,4,6,0,6]}},"chuon2":{"rcbn14":{"type":"mesh","hull":4,"width":45,"height":49,"uvs":[1,1,0,1,0,0,1,0],"triangles":[1,2,3,1,3,0],"vertices":[-24,-23,-24,22,25,22,25,-23],"edges":[0,2,2,4,4,6,0,6]},"rcbn15":{"type":"mesh","hull":4,"width":38,"height":49,"uvs":[1,1,0,1,0,0,1,0],"triangles":[1,2,3,1,3,0],"vertices":[-24,-19,-24,19,25,19,25,-19],"edges":[0,2,2,4,4,6,0,6]},"rcbn16":{"type":"mesh","hull":4,"width":30,"height":48,"uvs":[1,1,0,1,0,0,1,0],"triangles":[1,2,3,1,3,0],"vertices":[-24,-15,-24,15,24,15,24,-15],"edges":[0,2,2,4,4,6,0,6]},"rcbn17":{"type":"mesh","hull":4,"width":15,"height":48,"uvs":[1,1,0,1,0,0,1,0],"triangles":[1,2,3,1,3,0],"vertices":[-24,-8,-24,7,24,7,24,-8],"edges":[0,2,2,4,4,6,0,6]},"rcbn18":{"type":"mesh","hull":4,"width":15,"height":48,"uvs":[1,1,0,1,0,0,1,0],"triangles":[1,2,3,1,3,0],"vertices":[-24,-8,-24,7,24,7,24,-8],"edges":[0,2,2,4,4,6,0,6]},"rcbn19":{"type":"mesh","hull":4,"width":30,"height":48,"uvs":[1,1,0,1,0,0,1,0],"triangles":[1,2,3,1,3,0],"vertices":[-24,-15,-24,15,24,15,24,-15],"edges":[0,2,2,4,4,6,0,6]},"rcbn20":{"type":"mesh","hull":4,"width":38,"height":49,"uvs":[1,1,0,1,0,0,1,0],"triangles":[1,2,3,1,3,0],"vertices":[-24,-19,-24,19,25,19,25,-19],"edges":[0,2,2,4,4,6,0,6]}},"co":{"rcbn21":{"type":"mesh","hull":4,"width":47,"height":42,"uvs":[1,1,0,1,0,0,1,0],"triangles":[1,2,3,1,3,0],"vertices":[-21,-24,-21,23,21,23,21,-24],"edges":[0,2,2,4,4,6,0,6]},"rcbn22":{"type":"mesh","hull":4,"width":38,"height":42,"uvs":[1,1,0,1,0,0,1,0],"triangles":[1,2,3,1,3,0],"vertices":[-21,-19,-21,19,21,19,21,-19],"edges":[0,2,2,4,4,6,0,6]},"rcbn23":{"type":"mesh","hull":4,"width":29,"height":42,"uvs":[1,1,0,1,0,0,1,0],"triangles":[1,2,3,1,3,0],"vertices":[-21,-15,-21,14,21,14,21,-15],"edges":[0,2,2,4,4,6,0,6]},"rcbn24":{"type":"mesh","hull":4,"width":17,"height":42,"uvs":[1,1,0,1,0,0,1,0],"triangles":[1,2,3,1,3,0],"vertices":[-21,-9,-21,8,21,8,21,-9],"edges":[0,2,2,4,4,6,0,6]},"rcbn25":{"type":"mesh","hull":4,"width":17,"height":42,"uvs":[1,1,0,1,0,0,1,0],"triangles":[1,2,3,1,3,0],"vertices":[-21,-9,-21,8,21,8,21,-9],"edges":[0,2,2,4,4,6,0,6]},"rcbn26":{"type":"mesh","hull":4,"width":29,"height":42,"uvs":[1,1,0,1,0,0,1,0],"triangles":[1,2,3,1,3,0],"vertices":[-21,-15,-21,14,21,14,21,-15],"edges":[0,2,2,4,4,6,0,6]},"rcbn27":{"type":"mesh","hull":4,"width":38,"height":42,"uvs":[1,1,0,1,0,0,1,0],"triangles":[1,2,3,1,3,0],"vertices":[-21,-19,-21,19,21,19,21,-19],"edges":[0,2,2,4,4,6,0,6]}},"co2":{"rcbn21":{"type":"mesh","hull":4,"width":47,"height":42,"uvs":[1,1,0,1,0,0,1,0],"triangles":[1,2,3,1,3,0],"vertices":[-21,-24,-21,23,21,23,21,-24],"edges":[0,2,2,4,4,6,0,6]},"rcbn22":{"type":"mesh","hull":4,"width":38,"height":42,"uvs":[1,1,0,1,0,0,1,0],"triangles":[1,2,3,1,3,0],"vertices":[-21,-19,-21,19,21,19,21,-19],"edges":[0,2,2,4,4,6,0,6]},"rcbn23":{"type":"mesh","hull":4,"width":29,"height":42,"uvs":[1,1,0,1,0,0,1,0],"triangles":[1,2,3,1,3,0],"vertices":[-21,-15,-21,14,21,14,21,-15],"edges":[0,2,2,4,4,6,0,6]},"rcbn24":{"type":"mesh","hull":4,"width":17,"height":42,"uvs":[1,1,0,1,0,0,1,0],"triangles":[1,2,3,1,3,0],"vertices":[-21,-9,-21,8,21,8,21,-9],"edges":[0,2,2,4,4,6,0,6]},"rcbn25":{"type":"mesh","hull":4,"width":17,"height":42,"uvs":[1,1,0,1,0,0,1,0],"triangles":[1,2,3,1,3,0],"vertices":[-21,-9,-21,8,21,8,21,-9],"edges":[0,2,2,4,4,6,0,6]},"rcbn26":{"type":"mesh","hull":4,"width":29,"height":42,"uvs":[1,1,0,1,0,0,1,0],"triangles":[1,2,3,1,3,0],"vertices":[-21,-15,-21,14,21,14,21,-15],"edges":[0,2,2,4,4,6,0,6]},"rcbn27":{"type":"mesh","hull":4,"width":38,"height":42,"uvs":[1,1,0,1,0,0,1,0],"triangles":[1,2,3,1,3,0],"vertices":[-21,-19,-21,19,21,19,21,-19],"edges":[0,2,2,4,4,6,0,6]}},"domsang":{"domsang":{"type":"mesh","hull":4,"width":40,"height":40,"uvs":[1,1,0,1,0,0,1,0],"triangles":[1,2,3,1,3,0],"vertices":[-28.83,-27.59,-28.83,28.82,27.58,28.82,27.58,-27.59],"edges":[0,2,2,4,4,6,0,6]}},"elight":{"elight":{"type":"mesh","hull":4,"width":109,"height":43,"uvs":[1,1,0,1,0,0,1,0],"triangles":[1,2,3,1,3,0],"vertices":[-57.57,20.94,51.43,20.26,51.16,-22.74,-57.84,-22.06],"edges":[0,2,2,4,4,6,0,6]}},"elight2":{"elight":{"type":"mesh","hull":4,"width":109,"height":43,"uvs":[1,1,0,1,0,0,1,0],"triangles":[1,2,3,1,3,0],"vertices":[-57.57,20.94,51.43,20.26,51.16,-22.74,-57.84,-22.06],"edges":[0,2,2,4,4,6,0,6]}},"flag0":{"flag0":{"type":"mesh","hull":32,"width":194,"height":185,"uvs":[0.65075,0.03507,0.60759,0.0737,0.56782,0.10929,0.5225,0.14985,0.47976,0.1881,0.43616,0.22711,0.39286,0.26587,0.34876,0.30534,0.30018,0.34881,0.25507,0.38918,0.20698,0.43221,0.16043,0.47388,0.10988,0.51911,0.0519,0.571,0,0.61745,0.31139,1,0.36197,0.95462,0.42054,0.90207,0.47385,0.85425,0.52332,0.80987,0.5712,0.76691,0.62024,0.72291,0.6679,0.68015,0.7134,0.63933,0.75847,0.5989,0.80007,0.56158,0.84354,0.52257,0.88442,0.4859,0.92957,0.4454,0.96565,0.41303,1,0.38221,0.68994,0],"triangles":[0,31,30,29,0,30,1,0,29,28,1,29,2,1,28,27,2,28,3,2,27,26,3,27,4,3,26,25,4,26,5,4,25,24,5,25,6,5,24,23,6,24,7,6,23,22,7,23,8,7,22,21,8,22,9,8,21,20,9,21,10,9,20,19,10,20,11,10,19,18,11,19,12,11,18,17,12,18,13,12,17,16,13,17,14,13,16,15,14,16],"vertices":[1,1,202.84,-162.48,1,1,1,202.46,-151.48,1,1,1,202.1,-141.35,1,1,1,201.7,-129.79,1,1,1,201.33,-118.9,1,1,1,200.94,-107.79,1,1,1,200.56,-96.75,1,1,1,200.17,-85.51,1,1,1,199.74,-73.13,1,1,1,199.34,-61.63,1,1,1,198.91,-49.37,1,1,1,198.5,-37.51,1,1,1,198.06,-24.62,1,1,1,197.54,-9.84,1,1,1,197.08,3.39,1,1,1,104.09,0.15,1,1,1,104.56,-12.75,1,1,1,105.09,-27.7,1,1,1,105.58,-41.3,1,1,1,106.03,-53.92,1,1,1,106.47,-66.14,1,1,1,106.92,-78.65,1,1,1,107.36,-90.81,1,1,1,107.78,-102.42,1,1,1,108.19,-113.92,1,1,1,108.57,-124.53,1,1,1,108.97,-135.63,1,1,1,109.34,-146.06,1,1,1,109.76,-157.57,1,1,1,110.09,-166.78,1,1,1,110.4,-175.55,1,1,1,203.18,-172.47,1],"edges":[28,30,60,62,28,26,30,32,26,32,26,24,32,34,24,34,24,22,34,36,22,36,22,20,36,38,20,38,20,18,38,40,18,40,18,16,40,42,16,42,16,14,42,44,14,44,14,12,44,46,12,46,12,10,46,48,10,48,10,8,48,50,8,50,8,6,50,52,6,52,6,4,52,54,4,54,4,2,54,56,2,56,2,0,0,62,56,58,58,60,0,58]}},"flag3":{"flag3":{"type":"mesh","hull":7,"width":138,"height":171,"uvs":[0.05033,0,0.12199,0.04365,1,0.93029,1,1,0.943,1,0,0.1087,0,0],"triangles":[5,6,0,5,0,1,4,1,2,5,1,4,4,2,3],"vertices":[1,1,213.09,-4.16,1,1,1,201.1,-7.26,1,1,1,7.01,-7.73,1,1,1,-2.32,-0.31,1,1,1,2.58,5.85,1,1,1,202.87,12.84,1,1,1,217.41,1.27,1],"edges":[0,2,2,4,4,6,6,8,8,10,10,12,0,12]}},"li0":{"li0":{"type":"mesh","hull":18,"width":58,"height":101,"uvs":[1,1,0.88917,1,0.77186,1,0.64617,1,0.52048,1,0.39898,1,0.27748,1,0.1476,1,0,1,0,0,0.13084,0,0.25234,0,0.36546,0,0.49534,0,0.61265,0,0.74253,0,0.88079,0,1,0],"triangles":[8,9,10,7,10,11,8,10,7,6,11,12,7,11,6,5,12,13,6,12,5,4,13,14,5,13,4,3,14,15,4,14,3,2,15,16,3,15,2,1,16,17,0,1,17,2,16,1],"vertices":[-52.24,-28.09,-52.24,-21.66,-52.24,-14.86,-52.24,-7.57,-52.24,-0.28,-52.24,6.77,-52.24,13.82,-52.24,21.35,-52.24,29.91,48.76,29.91,48.76,22.32,48.76,15.28,48.76,8.72,48.76,1.18,48.76,-5.62,48.76,-13.15,48.76,-21.17,48.76,-28.09],"edges":[16,18,0,34,26,8,22,12,30,4,30,32,32,34,0,2,2,4,32,2,26,28,28,30,4,6,6,8,28,6,22,24,24,26,8,10,10,12,24,10,18,20,20,22,12,14,14,16,20,14]}},"li1":{"li1":{"type":"mesh","hull":17,"width":62,"height":101,"uvs":[1,1,0.88745,1,0.7568,1,0.50335,1,0.38316,1,0.25513,1,0.13493,1,0,1,0,0,0.12971,0,0.25251,0,0.37532,0,0.50335,0,0.63138,0,0.75942,0,0.89006,0,1,0],"triangles":[7,8,9,6,9,10,7,9,6,5,10,11,6,10,5,4,11,12,5,11,4,3,4,12,2,13,14,3,12,13,2,3,13,1,14,15,2,14,1,15,16,0,1,15,0],"vertices":[-49.5,-32.25,-49.5,-25.27,-49.5,-17.17,-49.5,-1.46,-49.5,5.99,-49.5,13.93,-49.5,21.38,-49.5,29.75,51.5,29.75,51.5,21.71,51.5,14.09,51.5,6.48,51.5,-1.46,51.5,-9.4,51.5,-17.33,51.5,-25.43,51.5,-32.25],"edges":[14,16,0,32,24,6,4,6,28,4,20,10,28,30,30,32,0,2,2,4,30,2,24,26,26,28,20,22,22,24,6,8,8,10,22,8,16,18,18,20,10,12,12,14,18,12]}},"li2":{"li0":{"type":"mesh","hull":18,"width":58,"height":101,"uvs":[1,1,0.88917,1,0.77186,1,0.64617,1,0.52048,1,0.39898,1,0.27748,1,0.1476,1,0,1,0,0,0.13084,0,0.25234,0,0.36546,0,0.49534,0,0.61265,0,0.74253,0,0.88079,0,1,0],"triangles":[8,9,10,7,10,11,8,10,7,6,11,12,7,11,6,5,12,13,6,12,5,4,13,14,5,13,4,3,14,15,4,14,3,2,15,16,3,15,2,1,16,17,0,1,17,2,16,1],"vertices":[-52.24,-28.09,-52.24,-21.66,-52.24,-14.86,-52.24,-7.57,-52.24,-0.28,-52.24,6.77,-52.24,13.82,-52.24,21.35,-52.24,29.91,48.76,29.91,48.76,22.32,48.76,15.28,48.76,8.72,48.76,1.18,48.76,-5.62,48.76,-13.15,48.76,-21.17,48.76,-28.09],"edges":[16,18,0,34,26,8,22,12,30,4,30,32,32,34,0,2,2,4,32,2,26,28,28,30,4,6,6,8,28,6,22,24,24,26,8,10,10,12,24,10,18,20,20,22,12,14,14,16,20,14]}},"li3":{"li1":{"type":"mesh","hull":17,"width":62,"height":101,"uvs":[1,1,0.88745,1,0.7568,1,0.50335,1,0.38316,1,0.25513,1,0.13493,1,0,1,0,0,0.12971,0,0.25251,0,0.37532,0,0.50335,0,0.63138,0,0.75942,0,0.89006,0,1,0],"triangles":[7,8,9,6,9,10,7,9,6,5,10,11,6,10,5,4,11,12,5,11,4,3,4,12,2,13,14,3,12,13,2,3,13,1,14,15,2,14,1,15,16,0,1,15,0],"vertices":[-49.5,-32.25,-49.5,-25.27,-49.5,-17.17,-49.5,-1.46,-49.5,5.99,-49.5,13.93,-49.5,21.38,-49.5,29.75,51.5,29.75,51.5,21.71,51.5,14.09,51.5,6.48,51.5,-1.46,51.5,-9.4,51.5,-17.33,51.5,-25.43,51.5,-32.25],"edges":[14,16,0,32,24,6,4,6,28,4,20,10,28,30,30,32,0,2,2,4,30,2,24,26,26,28,20,22,22,24,6,8,8,10,22,8,16,18,18,20,10,12,12,14,18,12]}},"logo3":{"logo3":{"x":-5.49,"y":95.72,"width":458,"height":344}},"logo4":{"logo4":{"type":"mesh","hull":4,"width":93,"height":85,"uvs":[1,1,0,1,0,0,1,0],"triangles":[1,2,3,1,3,0],"vertices":[1,12,-39.6,-30.27,1,1,12,-11.52,53.98,1,1,12,65.48,28.31,1,1,12,37.39,-55.93,1],"edges":[0,2,2,4,4,6,0,6]}},"logo5":{"logo5":{"type":"mesh","hull":4,"width":26,"height":56,"uvs":[1,1,0,1,0,0,1,0],"triangles":[1,2,3,1,3,0],"vertices":[96.68,-12.68,72.57,-12.68,72.57,39.25,96.68,39.25],"edges":[0,2,2,4,4,6,0,6]}},"logo6":{"logo6":{"type":"mesh","hull":4,"width":14,"height":54,"uvs":[1,1,0,1,0,0,1,0],"triangles":[1,2,3,1,3,0],"vertices":[69.52,-20.84,56.52,-20.84,56.52,29.3,69.52,29.3],"edges":[0,2,2,4,4,6,0,6]}},"logo7":{"logo7":{"type":"mesh","hull":4,"width":26,"height":59,"uvs":[1,1,0,1,0,0,1,0],"triangles":[1,2,3,1,3,0],"vertices":[49.18,-33.12,25.01,-33.12,25.01,21.73,49.18,21.73],"edges":[0,2,2,4,4,6,0,6]}},"logo8":{"logo8":{"type":"mesh","hull":4,"width":30,"height":24,"uvs":[1,1,0,1,0,0,1,0],"triangles":[1,2,3,1,3,0],"vertices":[181.66,29.84,151.66,29.84,151.66,53.84,181.66,53.84],"edges":[0,2,2,4,4,6,0,6]}},"ro":{"rcbn0":{"type":"mesh","hull":4,"width":42,"height":50,"uvs":[1,1,0,1,0,0,1,0],"triangles":[1,2,3,1,3,0],"vertices":[-25,-21,-25,21,25,21,25,-21],"edges":[0,2,2,4,4,6,0,6]},"rcbn1":{"type":"mesh","hull":4,"width":33,"height":50,"uvs":[1,1,0,1,0,0,1,0],"triangles":[1,2,3,1,3,0],"vertices":[-25,-17,-25,16,25,16,25,-17],"edges":[0,2,2,4,4,6,0,6]},"rcbn2":{"type":"mesh","hull":4,"width":25,"height":50,"uvs":[1,1,0,1,0,0,1,0],"triangles":[1,2,3,1,3,0],"vertices":[-25,-13,-25,12,25,12,25,-13],"edges":[0,2,2,4,4,6,0,6]},"rcbn3":{"type":"mesh","hull":4,"width":15,"height":49,"uvs":[1,1,0,1,0,0,1,0],"triangles":[1,2,3,1,3,0],"vertices":[-24,-8,-24,7,25,7,25,-8],"edges":[0,2,2,4,4,6,0,6]},"rcbn4":{"type":"mesh","hull":4,"width":15,"height":49,"uvs":[1,1,0,1,0,0,1,0],"triangles":[1,2,3,1,3,0],"vertices":[-24,-8,-24,7,25,7,25,-8],"edges":[0,2,2,4,4,6,0,6]},"rcbn5":{"type":"mesh","hull":4,"width":25,"height":50,"uvs":[1,1,0,1,0,0,1,0],"triangles":[1,2,3,1,3,0],"vertices":[-25,-13,-25,12,25,12,25,-13],"edges":[0,2,2,4,4,6,0,6]},"rcbn6":{"type":"mesh","hull":4,"width":33,"height":50,"uvs":[1,1,0,1,0,0,1,0],"triangles":[1,2,3,1,3,0],"vertices":[-25,-17,-25,16,25,16,25,-17],"edges":[0,2,2,4,4,6,0,6]}},"ro2":{"rcbn0":{"type":"mesh","hull":4,"width":42,"height":50,"uvs":[1,1,0,1,0,0,1,0],"triangles":[1,2,3,1,3,0],"vertices":[-25,-21,-25,21,25,21,25,-21],"edges":[0,2,2,4,4,6,0,6]},"rcbn1":{"type":"mesh","hull":4,"width":33,"height":50,"uvs":[1,1,0,1,0,0,1,0],"triangles":[1,2,3,1,3,0],"vertices":[-25,-17,-25,16,25,16,25,-17],"edges":[0,2,2,4,4,6,0,6]},"rcbn2":{"type":"mesh","hull":4,"width":25,"height":50,"uvs":[1,1,0,1,0,0,1,0],"triangles":[1,2,3,1,3,0],"vertices":[-25,-13,-25,12,25,12,25,-13],"edges":[0,2,2,4,4,6,0,6]},"rcbn3":{"type":"mesh","hull":4,"width":15,"height":49,"uvs":[1,1,0,1,0,0,1,0],"triangles":[1,2,3,1,3,0],"vertices":[-24,-8,-24,7,25,7,25,-8],"edges":[0,2,2,4,4,6,0,6]},"rcbn4":{"type":"mesh","hull":4,"width":15,"height":49,"uvs":[1,1,0,1,0,0,1,0],"triangles":[1,2,3,1,3,0],"vertices":[-24,-8,-24,7,25,7,25,-8],"edges":[0,2,2,4,4,6,0,6]},"rcbn5":{"type":"mesh","hull":4,"width":25,"height":50,"uvs":[1,1,0,1,0,0,1,0],"triangles":[1,2,3,1,3,0],"vertices":[-25,-13,-25,12,25,12,25,-13],"edges":[0,2,2,4,4,6,0,6]},"rcbn6":{"type":"mesh","hull":4,"width":33,"height":50,"uvs":[1,1,0,1,0,0,1,0],"triangles":[1,2,3,1,3,0],"vertices":[-25,-17,-25,16,25,16,25,-17],"edges":[0,2,2,4,4,6,0,6]}},"star1":{"star1":{"type":"mesh","hull":4,"width":63,"height":63,"uvs":[1,1,0,1,0,0,1,0],"triangles":[1,2,3,1,3,0],"vertices":[-31.46,-31.44,-31.46,31.56,31.54,31.56,31.54,-31.44],"edges":[0,2,2,4,4,6,0,6]}}}}],"animations":{"Animation":{"slots":{"bich":{"attachment":[{"time":0,"name":"rcbn7"},{"time":0.8667,"name":"rcbn8"},{"time":0.9,"name":"rcbn9"},{"time":0.9333,"name":"rcbn10"},{"time":0.9667,"name":"rcbn11"},{"time":1,"name":"rcbn12"},{"time":1.0333,"name":"rcbn13"},{"time":1.0667,"name":"rcbn7"},{"time":1.1333,"name":"rcbn8"},{"time":1.2,"name":"rcbn9"},{"time":1.2667,"name":"rcbn10"},{"time":1.3333,"name":"rcbn11"},{"time":1.4,"name":"rcbn12"},{"time":1.4667,"name":"rcbn13"},{"time":1.5333,"name":"rcbn7"}]},"bich2":{"color":[{"time":0,"color":"ffffff00","curve":"stepped"},{"time":0.7333,"color":"ffffff00"},{"time":0.8333,"color":"fffffff5"},{"time":1.1667,"color":"ffffff00"}],"attachment":[{"time":0,"name":"rcbn7"},{"time":0.8667,"name":"rcbn8"},{"time":0.9,"name":"rcbn9"},{"time":0.9333,"name":"rcbn10"},{"time":0.9667,"name":"rcbn11"},{"time":1,"name":"rcbn12"},{"time":1.0333,"name":"rcbn13"},{"time":1.0667,"name":"rcbn7"},{"time":1.1333,"name":"rcbn8"},{"time":1.2,"name":"rcbn9"},{"time":1.2667,"name":"rcbn10"},{"time":1.3333,"name":"rcbn11"},{"time":1.4,"name":"rcbn12"},{"time":1.4667,"name":"rcbn13"},{"time":1.5333,"name":"rcbn7"}]},"chuon":{"attachment":[{"time":0,"name":"rcbn14"},{"time":2.2,"name":"rcbn15"},{"time":2.2333,"name":"rcbn16"},{"time":2.2667,"name":"rcbn17"},{"time":2.3,"name":"rcbn18"},{"time":2.3333,"name":"rcbn19"},{"time":2.3667,"name":"rcbn20"},{"time":2.4,"name":"rcbn14"},{"time":2.4667,"name":"rcbn15"},{"time":2.5333,"name":"rcbn16"},{"time":2.6,"name":"rcbn17"},{"time":2.6667,"name":"rcbn18"},{"time":2.7333,"name":"rcbn19"},{"time":2.8,"name":"rcbn20"},{"time":2.8667,"name":"rcbn14"}]},"chuon2":{"color":[{"time":0,"color":"ffffff00","curve":"stepped"},{"time":2.0667,"color":"ffffff00"},{"time":2.1667,"color":"ffffffff"},{"time":2.5,"color":"ffffff00"}],"attachment":[{"time":0,"name":"rcbn14"},{"time":2.2,"name":"rcbn15"},{"time":2.2333,"name":"rcbn16"},{"time":2.2667,"name":"rcbn17"},{"time":2.3,"name":"rcbn18"},{"time":2.3333,"name":"rcbn19"},{"time":2.3667,"name":"rcbn20"},{"time":2.4,"name":"rcbn14"},{"time":2.4667,"name":"rcbn15"},{"time":2.5333,"name":"rcbn16"},{"time":2.6,"name":"rcbn17"},{"time":2.6667,"name":"rcbn18"},{"time":2.7333,"name":"rcbn19"},{"time":2.8,"name":"rcbn20"},{"time":2.8667,"name":"rcbn14"}]},"co":{"attachment":[{"time":0,"name":"rcbn21"},{"time":1.5333,"name":"rcbn22"},{"time":1.5667,"name":"rcbn23"},{"time":1.6,"name":"rcbn24"},{"time":1.6333,"name":"rcbn25"},{"time":1.6667,"name":"rcbn26"},{"time":1.7,"name":"rcbn27"},{"time":1.7333,"name":"rcbn21"},{"time":1.8,"name":"rcbn22"},{"time":1.8667,"name":"rcbn23"},{"time":1.9333,"name":"rcbn24"},{"time":2,"name":"rcbn25"},{"time":2.0667,"name":"rcbn26"},{"time":2.1333,"name":"rcbn27"},{"time":2.2,"name":"rcbn21"}]},"co2":{"color":[{"time":0,"color":"ffffff00","curve":"stepped"},{"time":1.4,"color":"ffffff00"},{"time":1.5,"color":"ffffffff"},{"time":1.8333,"color":"ffffff00"}],"attachment":[{"time":0,"name":"rcbn21"},{"time":1.5333,"name":"rcbn22"},{"time":1.5667,"name":"rcbn23"},{"time":1.6,"name":"rcbn24"},{"time":1.6333,"name":"rcbn25"},{"time":1.6667,"name":"rcbn26"},{"time":1.7,"name":"rcbn27"},{"time":1.7333,"name":"rcbn21"},{"time":1.8,"name":"rcbn22"},{"time":1.8667,"name":"rcbn23"},{"time":1.9333,"name":"rcbn24"},{"time":2,"name":"rcbn25"},{"time":2.0667,"name":"rcbn26"},{"time":2.1333,"name":"rcbn27"},{"time":2.2,"name":"rcbn21"}]},"domsang":{"color":[{"time":0,"color":"ffffff00"},{"time":0.3333,"color":"ffffffff","curve":"stepped"},{"time":3.4333,"color":"ffffffff"},{"time":3.6667,"color":"ffffff00"}]},"elight":{"color":[{"time":0,"color":"ffffff00"},{"time":0.2,"color":"ffffffff","curve":"stepped"},{"time":1.8,"color":"ffffffff"},{"time":2,"color":"ffffff00","curve":"stepped"},{"time":2.8333,"color":"ffffff00"},{"time":3,"color":"ffffffff","curve":"stepped"},{"time":4.3333,"color":"ffffffff"},{"time":4.5,"color":"ffffff00"}]},"elight2":{"color":[{"time":0,"color":"ffffff00","curve":"stepped"},{"time":1.3333,"color":"ffffff00"},{"time":1.5333,"color":"ffffffff","curve":"stepped"},{"time":3.1333,"color":"ffffffff"},{"time":3.3333,"color":"ffffff00"}]},"li0":{"color":[{"time":0,"color":"ffffff00"},{"time":0.1667,"color":"ffffff4e"},{"time":0.5,"color":"ffffff83"},{"time":2.6667,"color":"ffffff7f"},{"time":2.7,"color":"ffffff00"}],"attachment":[{"time":0,"name":"li0"}]},"li1":{"color":[{"time":0,"color":"ffffff00"},{"time":0.1667,"color":"ffffff2a"},{"time":0.5,"color":"ffffff28"},{"time":2,"color":"ffffff60"},{"time":2.0333,"color":"ffffff00","curve":"stepped"},{"time":2.9667,"color":"ffffff00"},{"time":3,"color":"ffffff7a"}],"attachment":[{"time":0,"name":"li1"}]},"li2":{"color":[{"time":0,"color":"ffffff83"},{"time":1.1667,"color":"ffffff7f"},{"time":1.2,"color":"ffffff00","curve":"stepped"},{"time":1.5,"color":"ffffff00"},{"time":1.6667,"color":"ffffff4e"},{"time":1.8333,"color":"ffffff81"},{"time":2.8333,"color":"ffffff37"},{"time":3,"color":"ffffff2c"},{"time":3.5,"color":"ffffff83"}],"attachment":[{"time":0,"name":"li0"}]},"li3":{"color":[{"time":0,"color":"ffffff78","curve":"stepped"},{"time":0.5,"color":"ffffff78"},{"time":0.5333,"color":"ffffff00","curve":"stepped"},{"time":1.4667,"color":"ffffff00"},{"time":1.5,"color":"ffffff7a"},{"time":3.5,"color":"ffffff78"},{"time":3.5333,"color":"ffffff00"}],"attachment":[{"time":0,"name":"li1"}]},"logo4":{"attachment":[{"time":0,"name":"logo4"}]},"logo5":{"color":[{"time":0,"color":"ffffff00","curve":"stepped"},{"time":0.5,"color":"ffffff00"},{"time":1.1667,"color":"ffffff52"},{"time":1.8333,"color":"ffffff00","curve":"stepped"},{"time":3.1667,"color":"ffffff00"},{"time":3.8333,"color":"ffffff52"},{"time":4.5,"color":"ffffff00"}]},"logo6":{"color":[{"time":0,"color":"ffffff00","curve":"stepped"},{"time":0.2667,"color":"ffffff00"},{"time":0.9333,"color":"ffffff52"},{"time":1.6,"color":"ffffff00","curve":"stepped"},{"time":2.9333,"color":"ffffff00"},{"time":3.6,"color":"ffffff52"},{"time":4.2667,"color":"ffffff00"}]},"logo7":{"color":[{"time":0,"color":"ffffff00"},{"time":0.6667,"color":"ffffff52"},{"time":1.3333,"color":"ffffff00","curve":"stepped"},{"time":2.6667,"color":"ffffff00"},{"time":3.3333,"color":"ffffff52"},{"time":4,"color":"ffffff00"}]},"ro":{"attachment":[{"time":2.8667,"name":"rcbn1"},{"time":2.9,"name":"rcbn2"},{"time":2.9333,"name":"rcbn3"},{"time":2.9667,"name":"rcbn4"},{"time":3,"name":"rcbn5"},{"time":3.0333,"name":"rcbn6"},{"time":3.1,"name":"rcbn0"},{"time":3.1667,"name":"rcbn1"},{"time":3.2333,"name":"rcbn2"},{"time":3.3333,"name":"rcbn4"},{"time":3.4333,"name":"rcbn5"},{"time":3.5,"name":"rcbn6"},{"time":3.5667,"name":"rcbn0"}]},"ro2":{"color":[{"time":0,"color":"ffffff00","curve":"stepped"},{"time":2.7333,"color":"ffffff00"},{"time":2.8333,"color":"ffffffff"},{"time":3.1667,"color":"ffffff00"}],"attachment":[{"time":0,"name":"rcbn0"},{"time":2.8667,"name":"rcbn1"},{"time":2.9,"name":"rcbn2"},{"time":2.9333,"name":"rcbn3"},{"time":2.9667,"name":"rcbn4"},{"time":3,"name":"rcbn5"},{"time":3.0333,"name":"rcbn6"},{"time":3.1,"name":"rcbn0"},{"time":3.1667,"name":"rcbn1"},{"time":3.2333,"name":"rcbn2"},{"time":3.3333,"name":"rcbn4"},{"time":3.4333,"name":"rcbn5"},{"time":3.5,"name":"rcbn6"},{"time":3.5667,"name":"rcbn0"}]}},"bones":{"bone7":{"translate":[{"time":0.8333,"x":0,"y":0},{"time":0.9,"x":0,"y":-1.96},{"time":0.9333,"x":0,"y":0}]},"bone8":{"translate":[{"time":2.1667,"x":0,"y":0},{"time":2.2333,"x":0,"y":-2.94},{"time":2.2667,"x":0,"y":0}]},"bone9":{"translate":[{"time":1.5,"x":0,"y":0},{"time":1.5667,"x":0,"y":-2.94},{"time":1.6,"x":0,"y":0}]},"bone10":{"translate":[{"time":0,"x":-21.56,"y":51.6},{"time":0.3333,"x":-3.69,"y":37.79},{"time":0.5,"x":6.31,"y":28.6},{"time":0.6667,"x":30.59,"y":-4.74},{"time":0.8333,"x":44.51,"y":-36.19},{"time":0.9333,"x":55.53,"y":-20.27},{"time":1.0667,"x":68.21,"y":-8.5},{"time":1.1667,"x":80.27,"y":-7.24},{"time":1.3,"x":91.76,"y":-9.33},{"time":1.4,"x":105.9,"y":-22.86},{"time":1.5,"x":113.29,"y":-41.69},{"time":1.6667,"x":127.31,"y":-18.5},{"time":1.7667,"x":136.66,"y":-12.4},{"time":1.8333,"x":147.52,"y":-9.8},{"time":1.9333,"x":155.3,"y":-10.93},{"time":2.0333,"x":165.99,"y":-14.71},{"time":2.1,"x":173.65,"y":-23.18},{"time":2.1667,"x":179.11,"y":-33.47},{"time":2.3,"x":188.28,"y":-15.7},{"time":2.4333,"x":201.29,"y":-7.88},{"time":2.5,"x":210.79,"y":-6.57},{"time":2.5667,"x":218.48,"y":-7.97},{"time":2.7,"x":230.93,"y":-16.2},{"time":2.8333,"x":242.47,"y":-35.05},{"time":3,"x":258.88,"y":-18.11},{"time":3.2333,"x":272.36,"y":-9.66},{"time":3.4333,"x":288.68,"y":-4.34},{"time":3.6667,"x":302.8,"y":-3.93}],"scale":[{"time":3,"x":1,"y":1},{"time":3.1667,"x":0.753,"y":0.753},{"time":3.3,"x":1.081,"y":1.081},{"time":3.4333,"x":0.88,"y":0.88},{"time":3.5333,"x":0.768,"y":0.768},{"time":3.6667,"x":0.507,"y":0.507}]},"bone11":{"rotate":[{"time":0,"angle":-90.19}],"translate":[{"time":0,"x":84.42,"y":-4.77},{"time":2,"x":84.42,"y":153.53},{"time":2.8333,"x":188.79,"y":13.44},{"time":4.5,"x":188.25,"y":164.58}],"scale":[{"time":0,"x":0.669,"y":0.719},{"time":0.5333,"x":1.389,"y":0.683},{"time":1,"x":2.214,"y":0.87},{"time":1.5333,"x":1.794,"y":0.746},{"time":2,"x":0.663,"y":0.399},{"time":2.8333,"x":0.669,"y":0.719},{"time":3.2667,"x":1.32,"y":0.683},{"time":3.6667,"x":2.214,"y":0.87},{"time":4.1,"x":1.601,"y":0.746},{"time":4.5,"x":0.663,"y":0.399}]},"bone12":{"rotate":[{"time":0,"angle":-106.72}],"translate":[{"time":0,"x":299.01,"y":135.85},{"time":3.3333,"x":324.61,"y":215.68}],"scale":[{"time":0,"x":0.669,"y":0.719,"curve":"stepped"},{"time":1.3333,"x":0.669,"y":0.719},{"time":1.8667,"x":1.002,"y":0.683},{"time":2.3333,"x":1.279,"y":0.715},{"time":2.8667,"x":0.918,"y":0.672},{"time":3.1333,"x":0.686,"y":0.516},{"time":3.3333,"x":0.663,"y":0.399}]},"bone2":{"rotate":[{"time":0,"angle":41.51}],"translate":[{"time":0,"x":140.64,"y":63.72,"curve":"stepped"},{"time":0.5,"x":140.64,"y":63.72},{"time":1.1667,"x":122.93,"y":13.16},{"time":1.8333,"x":118.65,"y":-28.98},{"time":2.5,"x":89.83,"y":-82.04},{"time":2.8333,"x":95.69,"y":-120.75}]},"bone":{"rotate":[{"time":0,"angle":38.9}],"translate":[{"time":0,"x":136.75,"y":127.56},{"time":0.5,"x":123.45,"y":73.02},{"time":2,"x":89.41,"y":-44.83},{"time":3,"x":136.75,"y":127.56},{"time":3.5,"x":123.45,"y":73.02},{"time":4.5,"x":100.76,"y":-5.54}]},"bone4":{"rotate":[{"time":0,"angle":41.51}],"translate":[{"time":0,"x":120.79,"y":-7.91},{"time":0.3333,"x":118.65,"y":-28.98},{"time":1,"x":89.83,"y":-82.04},{"time":1.3333,"x":95.69,"y":-120.75},{"time":1.3667,"x":140.64,"y":63.72,"curve":"stepped"},{"time":3.5,"x":140.64,"y":63.72},{"time":4.1667,"x":122.93,"y":13.16},{"time":4.5,"x":120.79,"y":-7.91}]},"bone5":{"rotate":[{"time":0,"angle":38.9}],"translate":[{"time":0,"x":100.75,"y":-5.55},{"time":0.5,"x":89.41,"y":-44.83},{"time":1.5,"x":136.75,"y":127.56},{"time":2,"x":123.45,"y":73.02},{"time":3.5,"x":89.41,"y":-44.83}]},"bone6":{"translate":[{"time":2.8333,"x":0,"y":0},{"time":2.9,"x":0,"y":-2.45},{"time":2.9333,"x":0,"y":0}]},"bone13":{"rotate":[{"time":0.8333,"angle":0},{"time":1.5,"angle":-178.58},{"time":1.8333,"angle":88.72},{"time":2.1667,"angle":0,"curve":"stepped"},{"time":2.5,"angle":0},{"time":3.1667,"angle":-178.58},{"time":3.5,"angle":88.72},{"time":3.8333,"angle":0}],"translate":[{"time":0,"x":-69.28,"y":-42.43,"curve":"stepped"},{"time":2.1667,"x":-69.28,"y":-42.43},{"time":2.5,"x":123.59,"y":154.47}],"scale":[{"time":0,"x":0,"y":0,"curve":"stepped"},{"time":0.8333,"x":0,"y":0},{"time":1.1667,"x":1,"y":1},{"time":1.5,"x":2.015,"y":2.015},{"time":1.8333,"x":1,"y":1},{"time":2.1667,"x":0,"y":0,"curve":"stepped"},{"time":2.5,"x":0,"y":0},{"time":2.8333,"x":1,"y":1},{"time":3.1667,"x":2.015,"y":2.015},{"time":3.5,"x":1,"y":1},{"time":3.8333,"x":0,"y":0}]},"bone14":{"rotate":[{"time":0.4667,"angle":0},{"time":0.5667,"angle":6.48},{"time":0.7,"angle":-4.34},{"time":0.8333,"angle":2.82},{"time":0.9667,"angle":-10.52},{"time":1.0667,"angle":2.02},{"time":1.3333,"angle":0}],"translate":[{"time":0.3333,"x":0,"y":0},{"time":0.5667,"x":-1.43,"y":9.47,"curve":"stepped"},{"time":1.0667,"x":-1.43,"y":9.47},{"time":1.3333,"x":0,"y":0}],"scale":[{"time":0.3333,"x":1,"y":1},{"time":0.5667,"x":1.175,"y":1.175,"curve":"stepped"},{"time":1.0667,"x":1.175,"y":1.175},{"time":1.3333,"x":1,"y":1}]},"bone3":{"translate":[{"time":0,"x":-127.79,"y":183.35}]}},"deform":{"default":{"flag0":{"flag0":[{"time":0,"vertices":[-31.8342,14.79806,-36.66138,14.70168,-40.00552,14.07591,-41.91132,15.07405,-42.3038,14.19015,-41.59558,15.18809,-38.30978,15.29339,-33.10223,12.31229,-26.91611,7.98414,-17.05099,2.28814,-8.38684,2.29373,-3.49692,0.73874,-0.67822,0.24771,0,0,0,0,0,0,0,0,-0.67822,0.24771,-3.49692,0.73874,-8.38684,2.29373,-17.05099,2.28814,-26.91611,7.98414,-33.10223,12.31229,-38.30978,15.29339,-41.59558,15.18809,-42.3038,14.19015,-41.91132,15.07405,-40.00552,14.07591,-36.66138,14.70168,-31.8342,14.79806,-26.28854,14.19534,-26.28854,14.19534]},{"time":0.1667,"vertices":[-39.98752,14.18492,-45.52603,14.49753,-48.49561,14.14577,-50.56622,15.32721,-49.16534,16.69601,-44.08084,18.44292,-38.12399,16.69923,-31.88217,10.20151,-20.00494,4.04285,-10.35013,1.38141,-4.66214,1.50717,-3.49692,0.73874,-3.33377,-0.74755,-3.91016,-0.61925,0,0,0,0,-3.91016,-0.61925,-3.33377,-0.74755,-3.49692,0.73874,-4.66214,1.50717,-10.35013,1.38141,-20.00494,4.04285,-31.88217,10.20151,-38.12399,16.69923,-44.08084,18.44292,-49.16534,16.69601,-50.56622,15.32721,-48.49561,14.14577,-45.52603,14.49753,-39.98752,14.18492,-33.29657,13.6562,-33.29657,13.6562]},{"time":0.3333,"vertices":[-44.03525,13.52095,-48.85992,14.66563,-50.5416,13.13284,-49.87387,15.34811,-46.42673,15.45084,-37.52869,16.65119,-29.59201,11.21076,-23.73532,4.03496,-16.04623,1.20611,-9.85687,1.61085,-8.73279,3.81217,-8.25104,2.96574,-8.27817,1.63084,-7.48306,0.35783,0,0,0,0,-7.48306,0.35783,-8.27817,1.63084,-8.25104,2.96574,-8.73279,3.81217,-9.85687,1.61085,-16.04623,1.20611,-23.73532,4.03496,-29.59201,11.21076,-37.52869,16.65119,-46.42673,15.45084,-49.87387,15.34811,-50.5416,13.13284,-48.85992,14.66563,-44.03525,13.52095,-40.19974,12.98365,-40.19974,12.98365]},{"time":0.5,"vertices":[-54.97815,14.28216,-55.70761,16.38028,-52.74817,13.71353,-47.89343,14.85267,-41.08319,12.96229,-32.44022,10.54519,-26.71948,5.29194,-20.11508,2.87839,-14.99576,1.93637,-12.12436,2.51751,-12.31476,4.56883,-12.89407,4.26726,-13.79901,3.33161,-10.48279,1.84685,0,0,0,0,-10.48279,1.84685,-13.79901,3.33161,-12.89407,4.26726,-12.31476,4.56883,-12.12436,2.51751,-14.99576,1.93637,-20.11508,2.87839,-26.71948,5.29194,-32.44022,10.54519,-41.08319,12.96229,-47.89343,14.85267,-52.74817,13.71353,-55.70761,16.38028,-54.97815,14.28216,-52.31253,12.44339,-52.31253,12.44339]},{"time":0.6667,"vertices":[-60.46088,17.26896,-60.21512,18.34989,-56.48822,17.23602,-48.70474,15.31506,-37.5672,9.30347,-29.91455,5.03472,-24.15604,3.25379,-20.11508,2.87839,-19.34341,2.10628,-22.4292,3.83876,-22.87347,5.19535,-21.92215,6.0673,-18.59198,5.94784,-12.02219,3.66896,0,0,0,0,-12.02219,3.66896,-18.59198,5.94784,-21.92215,6.0673,-22.87347,5.19535,-22.4292,3.83876,-19.34341,2.10628,-20.11508,2.87839,-24.15604,3.25379,-29.91455,5.03472,-37.5672,9.30347,-48.70474,15.31506,-56.48822,17.23602,-60.21512,18.34989,-60.46088,17.26896,-58.45169,15.9379,-58.45169,15.9379]},{"time":0.8333,"vertices":[-68.06738,22.12222,-60.40753,22.9341,-52.7121,17.70397,-42.10239,11.19438,-35.07092,5.34328,-28.08313,4.14313,-23.43301,3.80795,-24.04834,2.90137,-26.55368,1.91265,-27.53326,3.09923,-27.08167,4.87248,-22.88876,6.27151,-16.34381,4.16046,-9.04269,-0.39342,0,0,0,0,-9.04269,-0.39342,-16.34381,4.16046,-22.88876,6.27151,-27.08167,4.87248,-27.53326,3.09923,-26.55368,1.91265,-24.04834,2.90137,-23.43301,3.80795,-28.08313,4.14313,-35.07092,5.34328,-42.10239,11.19438,-52.7121,17.70397,-60.40753,22.9341,-68.06738,22.12222,-70.91061,21.4213,-70.91061,21.4213]},{"time":1,"vertices":[-68.06738,22.12222,-55.49915,18.11167,-45.9425,11.17142,-37.79037,8.22617,-33.3826,5.15151,-29.85754,5.09422,-30.39084,3.64844,-32.90784,2.73643,-34.6738,2.67759,-34.77118,3.54195,-29.44821,5.23684,-21.12396,5.62728,-10.65338,1.65206,-2.50052,-1.68166,0,0,0,0,-2.50052,-1.68166,-10.65338,1.65206,-21.12396,5.62728,-29.44821,5.23684,-34.77118,3.54195,-34.6738,2.67759,-32.90784,2.73643,-30.39084,3.64844,-29.85754,5.09422,-33.3826,5.15151,-37.79037,8.22617,-45.9425,11.17142,-55.49915,18.11167,-68.06738,22.12222,-75.81131,23.93813,-75.81131,23.93813]},{"time":1.1667,"vertices":[-47.88354,17.28815,-40.65302,13.31746,-36.41565,8.68476,-33.30646,7.74042,-34.67419,8.05495,-37.71713,9.57107,-40.06128,8.49992,-41.14862,6.72847,-40.43423,6.38844,-34.81363,5.26262,-24.64822,3.07611,-14.03348,2.09629,-6.87729,0.40519,-1.14865,-2.35305,0,0,0,0,-1.14865,-2.35305,-6.87729,0.40519,-14.03348,2.09629,-24.64822,3.07611,-34.81363,5.26262,-40.43423,6.38844,-41.14862,6.72847,-40.06128,8.49992,-37.71713,9.57107,-34.67419,8.05495,-33.30646,7.74042,-36.41565,8.68476,-40.65302,13.31746,-47.88354,17.28815,-59.5596,22.7937,-59.5596,22.7937]},{"time":1.3333,"vertices":[-26.79843,10.89103,-29.56543,11.57415,-33.65698,11.07315,-37.88242,11.83819,-41.50955,11.057,-42.41925,11.43698,-41.02042,12.44735,-38.71176,10.87421,-34.3197,8.64181,-24.39249,5.21255,-12.72742,1.78023,-4.42905,0.3775,1.30725,-0.71884,2.8797,0.15814,0,0,0,0,2.8797,0.15814,1.30725,-0.71884,-4.42905,0.3775,-12.72742,1.78023,-24.39249,5.21255,-34.3197,8.64181,-38.71176,10.87421,-41.02042,12.44735,-42.41925,11.43698,-41.50955,11.057,-37.88242,11.83819,-33.65698,11.07315,-29.56543,11.57415,-26.79843,10.89103,-26.03848,9.47812,-26.03848,9.47812]},{"time":1.5,"vertices":[-31.8342,14.79806,-36.66138,14.70168,-40.00552,14.07591,-41.91132,15.07405,-42.3038,14.19015,-41.59558,15.18809,-38.30978,15.29339,-33.10223,12.31229,-26.91611,7.98414,-17.05099,2.28814,-8.38684,2.29373,-3.49692,0.73874,-0.67822,0.24771,0,0,0,0,0,0,0,0,-0.67822,0.24771,-3.49692,0.73874,-8.38684,2.29373,-17.05099,2.28814,-26.91611,7.98414,-33.10223,12.31229,-38.30978,15.29339,-41.59558,15.18809,-42.3038,14.19015,-41.91132,15.07405,-40.00552,14.07591,-36.66138,14.70168,-31.8342,14.79806,-26.28854,14.19534,-26.28854,14.19534]},{"time":1.6667,"vertices":[-39.98752,14.18492,-45.52603,14.49753,-48.49561,14.14577,-50.56622,15.32721,-49.16534,16.69601,-44.08084,18.44292,-38.12399,16.69923,-31.88217,10.20151,-20.00494,4.04285,-10.35013,1.38141,-4.66214,1.50717,-3.49692,0.73874,-3.33377,-0.74755,-3.91016,-0.61925,0,0,0,0,-3.91016,-0.61925,-3.33377,-0.74755,-3.49692,0.73874,-4.66214,1.50717,-10.35013,1.38141,-20.00494,4.04285,-31.88217,10.20151,-38.12399,16.69923,-44.08084,18.44292,-49.16534,16.69601,-50.56622,15.32721,-48.49561,14.14577,-45.52603,14.49753,-39.98752,14.18492,-33.29657,13.6562,-33.29657,13.6562]},{"time":1.8333,"vertices":[-44.03525,13.52095,-48.85992,14.66563,-50.5416,13.13284,-49.87387,15.34811,-46.42673,15.45084,-37.52869,16.65119,-29.59201,11.21076,-23.73532,4.03496,-16.04623,1.20611,-9.85687,1.61085,-8.73279,3.81217,-8.25104,2.96574,-8.27817,1.63084,-7.48306,0.35783,0,0,0,0,-7.48306,0.35783,-8.27817,1.63084,-8.25104,2.96574,-8.73279,3.81217,-9.85687,1.61085,-16.04623,1.20611,-23.73532,4.03496,-29.59201,11.21076,-37.52869,16.65119,-46.42673,15.45084,-49.87387,15.34811,-50.5416,13.13284,-48.85992,14.66563,-44.03525,13.52095,-40.19974,12.98365,-40.19974,12.98365]},{"time":2,"vertices":[-54.97815,14.28216,-55.70761,16.38028,-52.74817,13.71353,-47.89343,14.85267,-41.08319,12.96229,-32.44022,10.54519,-26.71948,5.29194,-20.11508,2.87839,-14.99576,1.93637,-12.12436,2.51751,-12.31476,4.56883,-12.89407,4.26726,-13.79901,3.33161,-10.48279,1.84685,0,0,0,0,-10.48279,1.84685,-13.79901,3.33161,-12.89407,4.26726,-12.31476,4.56883,-12.12436,2.51751,-14.99576,1.93637,-20.11508,2.87839,-26.71948,5.29194,-32.44022,10.54519,-41.08319,12.96229,-47.89343,14.85267,-52.74817,13.71353,-55.70761,16.38028,-54.97815,14.28216,-52.31253,12.44339,-52.31253,12.44339]},{"time":2.1667,"vertices":[-60.46088,17.26896,-60.21512,18.34989,-56.48822,17.23602,-48.70474,15.31506,-37.5672,9.30347,-29.91455,5.03472,-24.15604,3.25379,-20.11508,2.87839,-19.34341,2.10628,-22.4292,3.83876,-22.87347,5.19535,-21.92215,6.0673,-18.59198,5.94784,-12.02219,3.66896,0,0,0,0,-12.02219,3.66896,-18.59198,5.94784,-21.92215,6.0673,-22.87347,5.19535,-22.4292,3.83876,-19.34341,2.10628,-20.11508,2.87839,-24.15604,3.25379,-29.91455,5.03472,-37.5672,9.30347,-48.70474,15.31506,-56.48822,17.23602,-60.21512,18.34989,-60.46088,17.26896,-58.45169,15.9379,-58.45169,15.9379]},{"time":2.3333,"vertices":[-68.06738,22.12222,-60.40753,22.9341,-52.7121,17.70397,-42.10239,11.19438,-35.07092,5.34328,-28.08313,4.14313,-23.43301,3.80795,-24.04834,2.90137,-26.55368,1.91265,-27.53326,3.09923,-27.08167,4.87248,-22.88876,6.27151,-16.34381,4.16046,-9.04269,-0.39342,0,0,0,0,-9.04269,-0.39342,-16.34381,4.16046,-22.88876,6.27151,-27.08167,4.87248,-27.53326,3.09923,-26.55368,1.91265,-24.04834,2.90137,-23.43301,3.80795,-28.08313,4.14313,-35.07092,5.34328,-42.10239,11.19438,-52.7121,17.70397,-60.40753,22.9341,-68.06738,22.12222,-70.91061,21.4213,-70.91061,21.4213]},{"time":2.5,"vertices":[-68.06738,22.12222,-55.49915,18.11167,-45.9425,11.17142,-37.79037,8.22617,-33.3826,5.15151,-29.85754,5.09422,-30.39084,3.64844,-32.90784,2.73643,-34.6738,2.67759,-34.77118,3.54195,-29.44821,5.23684,-21.12396,5.62728,-10.65338,1.65206,-2.50052,-1.68166,0,0,0,0,-2.50052,-1.68166,-10.65338,1.65206,-21.12396,5.62728,-29.44821,5.23684,-34.77118,3.54195,-34.6738,2.67759,-32.90784,2.73643,-30.39084,3.64844,-29.85754,5.09422,-33.3826,5.15151,-37.79037,8.22617,-45.9425,11.17142,-55.49915,18.11167,-68.06738,22.12222,-75.81131,23.93813,-75.81131,23.93813]},{"time":2.6667,"vertices":[-47.88354,17.28815,-40.65302,13.31746,-36.41565,8.68476,-33.30646,7.74042,-34.67419,8.05495,-37.71713,9.57107,-40.06128,8.49992,-41.14862,6.72847,-40.43423,6.38844,-34.81363,5.26262,-24.64822,3.07611,-14.03348,2.09629,-6.87729,0.40519,-1.14865,-2.35305,0,0,0,0,-1.14865,-2.35305,-6.87729,0.40519,-14.03348,2.09629,-24.64822,3.07611,-34.81363,5.26262,-40.43423,6.38844,-41.14862,6.72847,-40.06128,8.49992,-37.71713,9.57107,-34.67419,8.05495,-33.30646,7.74042,-36.41565,8.68476,-40.65302,13.31746,-47.88354,17.28815,-59.5596,22.7937,-59.5596,22.7937]},{"time":2.8333,"vertices":[-26.79843,10.89103,-29.56543,11.57415,-33.65698,11.07315,-37.88242,11.83819,-41.50955,11.057,-42.41925,11.43698,-41.02042,12.44735,-38.71176,10.87421,-34.3197,8.64181,-24.39249,5.21255,-12.72742,1.78023,-4.42905,0.3775,1.30725,-0.71884,2.8797,0.15814,0,0,0,0,2.8797,0.15814,1.30725,-0.71884,-4.42905,0.3775,-12.72742,1.78023,-24.39249,5.21255,-34.3197,8.64181,-38.71176,10.87421,-41.02042,12.44735,-42.41925,11.43698,-41.50955,11.057,-37.88242,11.83819,-33.65698,11.07315,-29.56543,11.57415,-26.79843,10.89103,-26.03848,9.47812,-26.03848,9.47812]},{"time":3,"vertices":[-31.8342,14.79806,-36.66138,14.70168,-40.00552,14.07591,-41.91132,15.07405,-42.3038,14.19015,-41.59558,15.18809,-38.30978,15.29339,-33.10223,12.31229,-26.91611,7.98414,-17.05099,2.28814,-8.38684,2.29373,-3.49692,0.73874,-0.67822,0.24771,0,0,0,0,0,0,0,0,-0.67822,0.24771,-3.49692,0.73874,-8.38684,2.29373,-17.05099,2.28814,-26.91611,7.98414,-33.10223,12.31229,-38.30978,15.29339,-41.59558,15.18809,-42.3038,14.19015,-41.91132,15.07405,-40.00552,14.07591,-36.66138,14.70168,-31.8342,14.79806,-26.28854,14.19534,-26.28854,14.19534]},{"time":3.1667,"vertices":[-39.98752,14.18492,-45.52603,14.49753,-48.49561,14.14577,-50.56622,15.32721,-49.16534,16.69601,-44.08084,18.44292,-38.12399,16.69923,-31.88217,10.20151,-20.00494,4.04285,-10.35013,1.38141,-4.66214,1.50717,-3.49692,0.73874,-3.33377,-0.74755,-3.91016,-0.61925,0,0,0,0,-3.91016,-0.61925,-3.33377,-0.74755,-3.49692,0.73874,-4.66214,1.50717,-10.35013,1.38141,-20.00494,4.04285,-31.88217,10.20151,-38.12399,16.69923,-44.08084,18.44292,-49.16534,16.69601,-50.56622,15.32721,-48.49561,14.14577,-45.52603,14.49753,-39.98752,14.18492,-33.29657,13.6562,-33.29657,13.6562]},{"time":3.3333,"vertices":[-44.03525,13.52095,-48.85992,14.66563,-50.5416,13.13284,-49.87387,15.34811,-46.42673,15.45084,-37.52869,16.65119,-29.59201,11.21076,-23.73532,4.03496,-16.04623,1.20611,-9.85687,1.61085,-8.73279,3.81217,-8.25104,2.96574,-8.27817,1.63084,-7.48306,0.35783,0,0,0,0,-7.48306,0.35783,-8.27817,1.63084,-8.25104,2.96574,-8.73279,3.81217,-9.85687,1.61085,-16.04623,1.20611,-23.73532,4.03496,-29.59201,11.21076,-37.52869,16.65119,-46.42673,15.45084,-49.87387,15.34811,-50.5416,13.13284,-48.85992,14.66563,-44.03525,13.52095,-40.19974,12.98365,-40.19974,12.98365]},{"time":3.5,"vertices":[-54.97815,14.28216,-55.70761,16.38028,-52.74817,13.71353,-47.89343,14.85267,-41.08319,12.96229,-32.44022,10.54519,-26.71948,5.29194,-20.11508,2.87839,-14.99576,1.93637,-12.12436,2.51751,-12.31476,4.56883,-12.89407,4.26726,-13.79901,3.33161,-10.48279,1.84685,0,0,0,0,-10.48279,1.84685,-13.79901,3.33161,-12.89407,4.26726,-12.31476,4.56883,-12.12436,2.51751,-14.99576,1.93637,-20.11508,2.87839,-26.71948,5.29194,-32.44022,10.54519,-41.08319,12.96229,-47.89343,14.85267,-52.74817,13.71353,-55.70761,16.38028,-54.97815,14.28216,-52.31253,12.44339,-52.31253,12.44339]},{"time":3.6667,"vertices":[-60.46088,17.26896,-60.21512,18.34989,-56.48822,17.23602,-48.70474,15.31506,-37.5672,9.30347,-29.91455,5.03472,-24.15604,3.25379,-20.11508,2.87839,-19.34341,2.10628,-22.4292,3.83876,-22.87347,5.19535,-21.92215,6.0673,-18.59198,5.94784,-12.02219,3.66896,0,0,0,0,-12.02219,3.66896,-18.59198,5.94784,-21.92215,6.0673,-22.87347,5.19535,-22.4292,3.83876,-19.34341,2.10628,-20.11508,2.87839,-24.15604,3.25379,-29.91455,5.03472,-37.5672,9.30347,-48.70474,15.31506,-56.48822,17.23602,-60.21512,18.34989,-60.46088,17.26896,-58.45169,15.9379,-58.45169,15.9379]},{"time":3.8333,"vertices":[-68.06738,22.12222,-60.40753,22.9341,-52.7121,17.70397,-42.10239,11.19438,-35.07092,5.34328,-28.08313,4.14313,-23.43301,3.80795,-24.04834,2.90137,-26.55368,1.91265,-27.53326,3.09923,-27.08167,4.87248,-22.88876,6.27151,-16.34381,4.16046,-9.04269,-0.39342,0,0,0,0,-9.04269,-0.39342,-16.34381,4.16046,-22.88876,6.27151,-27.08167,4.87248,-27.53326,3.09923,-26.55368,1.91265,-24.04834,2.90137,-23.43301,3.80795,-28.08313,4.14313,-35.07092,5.34328,-42.10239,11.19438,-52.7121,17.70397,-60.40753,22.9341,-68.06738,22.12222,-70.91061,21.4213,-70.91061,21.4213]},{"time":4,"vertices":[-68.06738,22.12222,-55.49915,18.11167,-45.9425,11.17142,-37.79037,8.22617,-33.3826,5.15151,-29.85754,5.09422,-30.39084,3.64844,-32.90784,2.73643,-34.6738,2.67759,-34.77118,3.54195,-29.44821,5.23684,-21.12396,5.62728,-10.65338,1.65206,-2.50052,-1.68166,0,0,0,0,-2.50052,-1.68166,-10.65338,1.65206,-21.12396,5.62728,-29.44821,5.23684,-34.77118,3.54195,-34.6738,2.67759,-32.90784,2.73643,-30.39084,3.64844,-29.85754,5.09422,-33.3826,5.15151,-37.79037,8.22617,-45.9425,11.17142,-55.49915,18.11167,-68.06738,22.12222,-75.81131,23.93813,-75.81131,23.93813]},{"time":4.1667,"vertices":[-47.88354,17.28815,-40.65302,13.31746,-36.41565,8.68476,-33.30646,7.74042,-34.67419,8.05495,-37.71713,9.57107,-40.06128,8.49992,-41.14862,6.72847,-40.43423,6.38844,-34.81363,5.26262,-24.64822,3.07611,-14.03348,2.09629,-6.87729,0.40519,-1.14865,-2.35305,0,0,0,0,-1.14865,-2.35305,-6.87729,0.40519,-14.03348,2.09629,-24.64822,3.07611,-34.81363,5.26262,-40.43423,6.38844,-41.14862,6.72847,-40.06128,8.49992,-37.71713,9.57107,-34.67419,8.05495,-33.30646,7.74042,-36.41565,8.68476,-40.65302,13.31746,-47.88354,17.28815,-59.5596,22.7937,-59.5596,22.7937]},{"time":4.3333,"vertices":[-26.79843,10.89103,-29.56543,11.57415,-33.65698,11.07315,-37.88242,11.83819,-41.50955,11.057,-42.41925,11.43698,-41.02042,12.44735,-38.71176,10.87421,-34.3197,8.64181,-24.39249,5.21255,-12.72742,1.78023,-4.42905,0.3775,1.30725,-0.71884,2.8797,0.15814,0,0,0,0,2.8797,0.15814,1.30725,-0.71884,-4.42905,0.3775,-12.72742,1.78023,-24.39249,5.21255,-34.3197,8.64181,-38.71176,10.87421,-41.02042,12.44735,-42.41925,11.43698,-41.50955,11.057,-37.88242,11.83819,-33.65698,11.07315,-29.56543,11.57415,-26.79843,10.89103,-26.03848,9.47812,-26.03848,9.47812]},{"time":4.5,"vertices":[-31.8342,14.79806,-36.66138,14.70168,-40.00552,14.07591,-41.91132,15.07405,-42.3038,14.19015,-41.59558,15.18809,-38.30978,15.29339,-33.10223,12.31229,-26.91611,7.98414,-17.05099,2.28814,-8.38684,2.29373,-3.49692,0.73874,-0.67822,0.24771,0,0,0,0,0,0,0,0,-0.67822,0.24771,-3.49692,0.73874,-8.38684,2.29373,-17.05099,2.28814,-26.91611,7.98414,-33.10223,12.31229,-38.30978,15.29339,-41.59558,15.18809,-42.3038,14.19015,-41.91132,15.07405,-40.00552,14.07591,-36.66138,14.70168,-31.8342,14.79806,-26.28854,14.19534,-26.28854,14.19534]}]},"li0":{"li0":[{"time":0,"vertices":[8.75333,4.40143,10.06882,3.96624,10.51971,5.02495,10.37265,3.21168,9.93057,1.14876,10.77112,-3.12057,11.27254,-7.30225,10.62,-12.85778,10.05838,-19.98634,1.66101,-19.8113,2.26181,-14.87706,2.65836,-9.76162,2.91321,-5.49292,2.353,-1.59604,2.0545,0.12551,1.70605,0.55538,1.42572,0.92495]},{"time":0.1667,"vertices":[6.37365,5.52826,6.57022,5.37853,6.38462,5.40959,8.2067,2.82949,9.76048,0.33568,9.87813,-3.80362,11.27354,-8.03771,10.65924,-13.30574,10.0746,-20.28742,0.80629,-20.18703,1.27185,-15.12725,1.73932,-9.93838,1.80096,-5.88702,1.02209,-1.75539,-0.55282,-0.7609,-2.11447,0.31033,-2.09566,1.15813,-1.4784,2.09212]},{"time":0.3333,"vertices":[1.83081,3.44509,2.43488,3.7766,3.20458,6.10909,4.75996,2.42033,7.82805,-0.17473,8.98515,-4.48667,11.27453,-8.77318,10.69849,-13.75369,10.09081,-20.5885,-0.04842,-20.56276,0.28189,-15.37744,0.82027,-10.11514,0.68872,-6.28112,-0.30879,-1.91474,-4.40232,-1.72328,-5.935,0.06528,-6.96708,0.52945,-6.65838,0.99652]},{"time":0.5,"vertices":[-3.52951,1.31182,-3.61942,0.00551,-2.41235,-0.31665,-0.05505,0.90156,5.12793,-1.55281,8.09216,-5.16972,11.27551,-9.50864,10.73773,-14.20165,10.10703,-20.88959,-0.90314,-20.93848,-0.70807,-15.62762,-0.09875,-10.2919,-0.42352,-6.67522,-1.63968,-2.0741,-8.25183,-2.68566,-9.75552,-0.17977,-11.8385,-0.09924,-11.83836,-0.09908]},{"time":0.6667,"vertices":[-7.50369,0.9111,-7.05952,0.76855,-5.95123,0.33494,-3.58974,2.56614,3.28587,8.35555,12.15763,6.86151,13.86153,3.21102,14.50324,-2.32396,15.78082,-8.16407,4.2039,-10.97195,3.13026,-7.38791,1.24369,-4.75766,-4.66399,-2.50461,-6.85967,1.14226,-10.98897,0.43332,-12.86471,2.02512,-14.74281,3.43903,-15.79773,1.86253]},{"time":0.8333,"vertices":[-7.36641,0.69668,-6.88162,0.56549,-5.38682,0.64116,-1.73672,3.39211,3.35336,5.19984,7.95639,4.72942,12.51142,3.58688,15.63742,-0.14389,17.97842,-5.33716,7.79335,-9.00458,4.61037,-5.9395,1.55796,-3.49596,-2.59254,-1.87929,-5.94741,0.72709,-10.40796,0.73055,-12.79149,1.58703,-14.97834,3.38754,-16.05181,1.40469]},{"time":1,"vertices":[-9.13013,0.98966,-10.20808,1.60295,-7.30596,0.79583,-3.22264,2.76747,1.99374,3.30777,5.90993,0.49481,12.15207,-0.34072,16.04916,-3.98217,20.20367,-6.35306,12.95432,-7.25301,8.80308,-5.52042,3.95752,-3.19784,-1.67875,-1.01309,-6.79045,0.9839,-11.21439,0.78728,-14.32731,1.9859,-16.96891,4.00813,-19.3663,2.57798]},{"time":1.1667,"vertices":[-10.89386,1.28264,-10.94891,1.13614,-9.2251,0.95052,-4.70856,2.14283,0.9296,-0.02072,5.08047,-3.24935,9.79865,-5.63655,15.77652,-6.82294,21.62607,-7.83325,14.97223,-5.06985,10.461,-4.42477,6.35709,-2.89972,1.55035,-0.62865,-5.0733,0.15041,-12.02081,0.84401,-15.86313,2.38477,-18.95947,4.62872,-19.48682,2.4922]},{"time":1.3333,"vertices":[-10.89386,1.28264,-8.65286,1.17615,-6.19333,2.0347,-2.26422,2.98931,2.13647,-0.14726,6.47443,-3.16441,13.1715,-5.23156,19.71402,-7.48283,26.47827,-8.73705,18.63339,-7.74548,14.42319,-5.48287,9.60406,-3.70152,3.88297,-1.18626,-5.0733,0.15041,-12.02081,0.84401,-14.53839,1.96543,-16.52121,3.97768,-18.47903,2.35364]},{"time":1.5,"vertices":[-8.71713,-0.45884,-8.26065,1.19982,-5.39566,1.88594,-1.55875,2.73634,2.29654,0.45418,5.90417,-1.91705,13.31949,-4.4336,18.62631,-7.45082,24.6362,-7.66615,15.75244,-7.42851,11.68246,-5.84779,7.8586,-4.20284,-1.65628,-2.61056,-5.87204,0.29878,-10.32077,0.45439,-14.0174,1.50391,-16.18501,3.30763,-18.47903,2.35364]},{"time":1.6667,"vertices":[-15.97633,-0.99719,-14.47592,0.6307,-11.457,1.89427,-7.40823,2.3789,-3.52191,1.14033,3.27039,-0.65757,12.96124,-3.2246,18.66858,-6.59613,25.41391,-7.99753,16.11023,-8.63773,11.68246,-5.84779,4.81644,-4.00997,-5.74213,-2.38689,-11.78302,0.76855,-17.41061,-0.9682,-19.95541,1.04639,-22.66614,2.43817,-23.96274,2.20795]},{"time":1.8333,"vertices":[-14.40009,-0.80776,-13.42393,0.22784,-11.20547,2.37605,-6.16973,1.98731,-0.79453,0.83942,7.57323,-0.76861,12.96124,-3.2246,17.80435,-6.18274,22.73184,-6.85528,13.27448,-8.0642,9.05573,-5.63507,4.81644,-4.00997,-3.00369,-2.87352,-9.86604,0.06232,-14.85278,0.15594,-18.70242,2.68453,-21.72415,2.30879,-22.89932,1.61914]},{"time":2,"vertices":[-11.61903,0.37461,-8.71146,1.43603,-4.59542,4.1602,-0.81723,1.76157,4.27658,0.68828,10.87432,-0.56724,15.99295,-3.13164,19.6273,-5.88736,24.83533,-6.63496,14.65564,-8.07198,11.35388,-5.58692,6.73666,-3.80074,1.12842,-2.71355,-3.98566,0.23701,-10.52127,-0.38194,-13.35776,3.20862,-16.6748,2.52483,-20.02853,1.33399]},{"time":2.1667,"vertices":[-8.8331,1.61797,-8.47464,3.41801,-7.58133,3.26241,-4.99207,2.75864,2.83334,3.81975,13.38757,0.74891,20.27695,-1.52833,22.573,-5.79693,27.21716,-7.56274,17.84149,-7.51974,13.49554,-6.97667,9.72243,-2.90305,5.36942,-0.39767,-5.67984,3.08479,-13.53223,0.59681,-16.14362,1.96551,-17.68552,4.43069,-17.78815,2.72292]},{"time":2.3333,"vertices":[-11.99792,10.79871,-11.54184,5.31341,-10.77251,1.50466,-7.66766,2.50792,-0.25867,3.28322,6.47631,1.62836,17.50961,-1.69775,22.573,-5.79693,28.61127,-7.65137,17.84149,-7.51974,15.31531,-5.117,9.35382,-2.14319,-0.86371,-0.08978,-8.9819,2.88291,-17.15277,-1.92681,-18.96475,-0.83135,-19.77249,3.93456,-20.07071,9.94792]},{"time":2.5,"vertices":[-8.90598,26.95879,-8.88562,20.79607,-8.49298,14.24174,-5.47134,9.43604,-0.92487,6.17798,6.47631,1.62836,17.26578,-1.71266,22.573,-5.79693,29.84464,-7.82069,20.36481,-7.62622,15.83395,-5.0854,12.84015,-0.97601,2.87374,2.65547,-8.9343,4.23113,-15.38226,4.60439,-16.93079,10.62023,-17.14526,18.46028,-17.31256,25.17615]},{"time":2.6667,"vertices":[4.57244,43.92647,4.67905,37.68755,5.32022,31.06678,5.92764,24.40152,7.45274,17.20811,11.923,11.25624,17.38338,5.71442,23.86441,2.43571,38.22784,-3.55794,17.23886,-3.16968,13.06967,0.12718,8.33817,3.31519,2.0032,7.57565,-1.46149,14.09367,-2.89526,20.45141,-3.54843,27.82679,-3.77271,35.82909,-4.50394,42.42919]}]},"li1":{"li1":[{"time":0,"vertices":[2.89508,6.24965,3.8457,8.91761,3.48303,6.97785,2.98407,0.08077,2.50806,-3.9147,2.38855,-9.32986,1.52252,-15.08604,1.55402,-21.09477,-5.12579,-19.41052,-4.61139,-13.77122,-4.89014,-8.83695,-4.78766,-3.98625,-4.94421,-0.79721,-4.8078,0.87807,-4.86577,3.92406,-5.14947,4.0734,-7.02465,1.85589]},{"time":0.1667,"vertices":[3.59076,-0.54523,5.20103,-1.45599,5.77243,-1.44905,5.05807,-6.66467,4.59954,-7.90695,4.43028,-7.99752,4.27454,-12.81456,5.38144,-17.38422,-3.2758,-14.94165,-4.4768,-10.81898,-3.83067,-8.14345,-3.66644,-6.34771,-3.09186,-4.25926,-3.03229,-3.11045,-3.31711,-2.12754,-4.72545,-3.09464,-8.28408,-4.35061]},{"time":0.3333,"vertices":[1.27257,-0.29009,4.16082,-1.16479,4.61794,-1.15924,5.01948,-5.54469,5.41922,-6.29819,4.77628,-6.26646,4.99553,-9.69389,4.30515,-13.90738,-4.05655,-12.10661,-3.58144,-8.65518,-3.06453,-6.51476,-3.29335,-5.16947,-3.47727,-3.40909,-3.79518,-2.52904,-4.0505,-2.72249,-7.89721,-2.25526,-12.49918,-2.89297]},{"time":0.5,"vertices":[-2.20136,1.00974,1.29442,0.59998,4.33632,-0.25494,6.05459,-5.99742,6.40301,-4.16117,6.41741,-5.85733,5.93506,-8.47876,5.4648,-11.11868,-3.04241,-9.07996,-2.65049,-8.75316,-2.40118,-7.78061,-1.91847,-7.11365,-2.75029,-4.11682,-4.5525,-4.24182,-7.51767,-2.5207,-10.45883,-0.60758,-14.90661,0.23355]},{"time":0.6667,"vertices":[-2.4417,0.70777,0.3136,-0.9458,2.4499,-1.60322,4.03639,-3.99829,1.54843,-3.26248,-0.41103,-4.1282,0.54481,-6.15535,-0.70827,-6.90655,-8.99825,-5.68842,-9.04043,-5.22577,-7.62615,-4.5827,-4.84246,-5.1228,-4.94198,-3.4922,-5.86929,-3.54632,-8.30115,-2.03152,-11.35844,-0.87327,-14.44072,0.78393]},{"time":0.8333,"vertices":[-4.96566,0.36981,-0.14667,-0.22807,3.30024,0.52934,2.74714,-2.33705,0.77421,-1.63125,-0.20551,-2.0641,0.27241,-3.07767,-0.35414,-3.45328,-9.88874,-3.00378,-9.02885,-3.23288,-7.8666,-3.2786,-5.5993,-5.25709,-5.01851,-6.45357,-5.15721,-1.73318,-9.17816,-1.96843,-13.90346,-1.31466,-18.85128,0.25913]},{"time":1,"vertices":[-7.8511,0.92941,-2.74167,1.47488,1.45078,4.23424,0.80121,-1.13835,0,-0.00001,-2.71811,-0.01828,-4.02866,0.79355,-4.21167,-0.042,-12.57104,0.56125,-11.52438,0.94501,-10.03073,0.96858,-7.79355,0.39157,-6.71777,0.50644,-7.37592,0.30008,-10.0021,0.69963,-14.51073,0.8981,-21.38381,0.33037]},{"time":1.1667,"vertices":[-3.00082,0.90872,0.72021,1.84464,2.62491,2.07039,0.80121,-1.13835,-1.77335,0.21459,-3.95172,0.02554,-4.72296,0.71939,-4.21167,-0.042,-14.18909,0.91522,-13.60764,0.72252,-12.07678,0.39896,-8.79794,-0.06683,-6.71777,0.50644,-5.83859,-0.94042,-7.19381,-0.93192,-10.6979,-0.27501,-17.41599,-0.65056]},{"time":1.3333,"vertices":[14.38284,-0.46643,11.5762,2.33109,7.30466,3.6477,2.98853,-1.44336,-0.29449,0.23787,-2.37704,1.67499,-2.79678,1.59853,-2.16653,0.98449,-11.19775,1.90815,-11.61945,2.28155,-10.26443,2.34329,-7.43292,1.02168,-3.58438,0.16781,-1.07379,-0.16177,2.9535,-0.11698,4.50892,1.08028,5.27503,1.23457]},{"time":1.5,"vertices":[18.04083,9.33488,14.15259,7.57291,11.21371,4.98007,6.40842,-0.42465,3.58673,1.82866,2.39511,3.49155,1.8598,3.27216,2.23184,2.63045,-6.96515,5.10491,-6.95261,6.30884,-5.74582,5.30922,-4.0083,3.21722,-1.45203,2.2253,2.24048,3.06756,5.0128,5.06965,7.92588,8.24154,9.9669,11.14587]},{"time":1.6667,"vertices":[15.32211,21.66357,15.89331,14.61387,14.91626,6.7785,8.46011,-0.67263,3.58673,1.82866,-0.68549,3.16301,-1.90274,3.49389,-1.9494,0.93813,-11.31085,4.95277,-9.79086,6.62919,-7.56128,4.80417,-4.0083,3.21722,-0.11523,2.83574,3.72092,5.2513,6.63682,8.82658,6.72953,16.52673,6.05247,23.32308]},{"time":1.8333,"vertices":[14.16385,33.54785,14.21616,26.10596,13.75378,17.65243,12.78134,1.37889,8.74982,2.38042,5.04626,2.64023,2.40604,2.47834,3.13315,0.11878,-6.2283,4.13342,-5.48209,5.61364,-1.82953,4.28139,1.15479,3.76897,4.20599,4.88726,3.03558,13.46673,5.47434,19.70051,5.05238,28.01882,4.89421,35.20736]},{"time":2,"vertices":[5.1058,45.66641,5.42877,38.80801,6.05826,29.47302,4.99594,15.07524,4.70609,8.04802,5.04626,2.64023,2.40604,2.47834,3.13315,0.11878,-7.98532,4.16494,-6.94873,6.00501,-4.85928,4.94412,-2.88895,9.43658,-3.57941,18.58361,-4.37494,25.38655,-3.75292,33.54911,-3.73501,40.72086,-4.54278,48.81962]},{"time":3,"vertices":[2.89508,6.24965,3.8457,8.91761,3.48303,6.97785,2.98407,0.08077,2.50806,-3.9147,2.38855,-9.32986,1.52252,-15.08604,1.55402,-21.09477,-5.12579,-19.41052,-4.61139,-13.77122,-4.89014,-8.83695,-4.78766,-3.98625,-4.94421,-0.79721,-4.8078,0.87807,-4.86577,3.92406,-5.14947,4.0734,-7.02465,1.85589]},{"time":3.1667,"vertices":[3.59076,-0.54523,5.20103,-1.45599,5.77243,-1.44905,5.05807,-6.66467,4.59954,-7.90695,4.43028,-7.99752,4.27454,-12.81456,5.38144,-17.38422,-3.2758,-14.94165,-4.4768,-10.81898,-3.83067,-8.14345,-3.66644,-6.34771,-3.09186,-4.25926,-3.03229,-3.11045,-3.31711,-2.12754,-4.72545,-3.09464,-8.28408,-4.35061]},{"time":3.3333,"vertices":[1.27257,-0.29009,4.16082,-1.16479,4.61794,-1.15924,5.01948,-5.54469,5.41922,-6.29819,4.77628,-6.26646,4.99553,-9.69389,4.30515,-13.90738,-4.05655,-12.10661,-3.58144,-8.65518,-3.06453,-6.51476,-3.29335,-5.16947,-3.47727,-3.40909,-3.79518,-2.52904,-4.0505,-2.72249,-7.89721,-2.25526,-12.49918,-2.89297]},{"time":3.5,"vertices":[-2.20136,1.00974,1.29442,0.59998,4.33632,-0.25494,6.05459,-5.99742,6.40301,-4.16117,6.41741,-5.85733,5.93506,-8.47876,5.4648,-11.11868,-3.04241,-9.07996,-2.65049,-8.75316,-2.40118,-7.78061,-1.91847,-7.11365,-2.75029,-4.11682,-4.5525,-4.24182,-7.51767,-2.5207,-10.45883,-0.60758,-14.90661,0.23355]},{"time":3.6667,"vertices":[-2.4417,0.70777,0.3136,-0.9458,2.4499,-1.60322,4.03639,-3.99829,1.54843,-3.26248,-0.41103,-4.1282,0.54481,-6.15535,-0.70827,-6.90655,-8.99825,-5.68842,-9.04043,-5.22577,-7.62615,-4.5827,-4.84246,-5.1228,-4.94198,-3.4922,-5.86929,-3.54632,-8.30115,-2.03152,-11.35844,-0.87327,-14.44072,0.78393]},{"time":3.8333,"vertices":[-4.96566,0.36981,-0.14667,-0.22807,3.30024,0.52934,2.74714,-2.33705,0.77421,-1.63125,-0.20551,-2.0641,0.27241,-3.07767,-0.35414,-3.45328,-9.88874,-3.00378,-9.02885,-3.23288,-7.8666,-3.2786,-5.5993,-5.25709,-5.01851,-6.45357,-5.15721,-1.73318,-9.17816,-1.96843,-13.90346,-1.31466,-18.85128,0.25913]},{"time":4,"vertices":[-7.8511,0.92941,-2.74167,1.47488,1.45078,4.23424,0.80121,-1.13835,0,-0.00001,-2.71811,-0.01828,-4.02866,0.79355,-4.21167,-0.042,-12.57104,0.56125,-11.52438,0.94501,-10.03073,0.96858,-7.79355,0.39157,-6.71777,0.50644,-7.37592,0.30008,-10.0021,0.69963,-14.51073,0.8981,-21.38381,0.33037]},{"time":4.0667,"vertices":[-5.91099,0.92114,-1.35692,1.62278,0.1801,3.3415,0.80121,-1.13835,-0.70934,0.08583,-3.21155,-0.00075,-4.30638,0.76388,-4.21167,-0.042,-13.21826,0.70284,-12.35768,0.85602,-10.84915,0.74073,-8.19531,0.20821,-8.11127,0.19933,-8.4678,-0.5367,-9.99249,0.08664,-14.06571,0.15519,-20.55772,1.12426]},{"time":4.1667,"vertices":[-3.00082,0.90872,0.72021,1.84464,2.62491,2.07039,0.80121,-1.13835,-1.77335,0.21459,-3.95172,0.02554,-4.72296,0.71939,-4.21167,-0.042,-14.18909,0.91522,-13.60764,0.72252,-12.07678,0.39896,-8.79794,-0.06683,-6.71777,0.50644,-5.83859,-0.94042,-7.19381,-0.93192,-10.6979,-0.27501,-17.41599,-0.65056]},{"time":4.2333,"vertices":[0.48219,0.22046,2.35505,1.2854,2.53181,2.60773,1.67613,-1.26035,-1.18181,0.2239,-3.32185,0.68532,-3.95249,1.07104,-3.39362,0.36859,-12.99256,1.31239,-11.30678,1.3908,-10.45731,1.50458,-8.25194,0.36857,-6.48575,0.14577,-5.54056,-0.80072,-5.66181,-0.87579,-6.80971,0.149,-8.79904,0.05442]},{"time":4.3333,"vertices":[14.38284,-0.46643,11.5762,2.33109,7.30466,3.6477,2.98853,-1.44336,-0.29449,0.23787,-2.37704,1.67499,-2.79678,1.59853,-2.16653,0.98449,-11.19775,1.90815,-11.61945,2.28155,-10.26443,2.34329,-7.43292,1.02168,-3.58438,0.16781,-1.07379,-0.16177,2.9535,-0.11698,4.50892,1.08028,5.27503,1.23457]},{"time":4.5,"vertices":[18.04083,9.33488,14.15259,7.57291,11.21371,4.98007,6.40842,-0.42465,3.58673,1.82866,2.39511,3.49155,1.8598,3.27216,2.23184,2.63045,-6.96515,5.10491,-6.95261,6.30884,-5.74582,5.30922,-4.0083,3.21722,-1.45203,2.2253,2.24048,3.06756,5.0128,5.06965,7.92588,8.24154,9.9669,11.14587]}]},"li2":{"li0":[{"time":0,"vertices":[-8.71713,-0.45884,-8.26065,1.19982,-5.39566,1.88594,-1.55875,2.73634,2.29654,0.45418,5.90417,-1.91705,13.31949,-4.4336,18.62631,-7.45082,24.6362,-7.66615,15.75244,-7.42851,11.68246,-5.84779,7.8586,-4.20284,-1.65628,-2.61056,-5.87204,0.29878,-10.32077,0.45439,-14.0174,1.50391,-16.18501,3.30763,-18.47903,2.35364]},{"time":0.1667,"vertices":[-15.97633,-0.99719,-14.47592,0.6307,-11.457,1.89427,-7.40823,2.3789,-3.52191,1.14033,3.27039,-0.65757,12.96124,-3.2246,18.66858,-6.59613,25.41391,-7.99753,16.11023,-8.63773,11.68246,-5.84779,4.81644,-4.00997,-5.74213,-2.38689,-11.78302,0.76855,-17.41061,-0.9682,-19.95541,1.04639,-22.66614,2.43817,-23.96274,2.20795]},{"time":0.3333,"vertices":[-14.40009,-0.80776,-13.42393,0.22784,-11.20547,2.37605,-6.16973,1.98731,-0.79453,0.83942,7.57323,-0.76861,12.96124,-3.2246,17.80435,-6.18274,22.73184,-6.85528,13.27448,-8.0642,9.05573,-5.63507,4.81644,-4.00997,-3.00369,-2.87352,-9.86604,0.06232,-14.85278,0.15594,-18.70242,2.68453,-21.72415,2.30879,-22.89932,1.61914]},{"time":0.5,"vertices":[-11.61903,0.37461,-8.71146,1.43603,-4.59542,4.1602,-0.81723,1.76157,4.27658,0.68828,10.87432,-0.56724,15.99295,-3.13164,19.6273,-5.88736,24.83533,-6.63496,14.65564,-8.07198,11.35388,-5.58692,6.73666,-3.80074,1.12842,-2.71355,-3.98566,0.23701,-10.52127,-0.38194,-13.35776,3.20862,-16.6748,2.52483,-20.02853,1.33399]},{"time":0.6667,"vertices":[-8.8331,1.61797,-8.47464,3.41801,-7.58133,3.26241,-4.99207,2.75864,2.83334,3.81975,13.38757,0.74891,20.27695,-1.52833,22.573,-5.79693,27.21716,-7.56274,17.84149,-7.51974,13.49554,-6.97667,9.72243,-2.90305,5.36942,-0.39767,-5.67984,3.08479,-13.53223,0.59681,-16.14362,1.96551,-17.68552,4.43069,-17.78815,2.72292]},{"time":0.8333,"vertices":[-11.99792,10.79871,-11.54184,5.31341,-10.77251,1.50466,-7.66766,2.50792,-0.25867,3.28322,6.47631,1.62836,17.50961,-1.69775,22.573,-5.79693,28.61127,-7.65137,17.84149,-7.51974,15.31531,-5.117,9.35382,-2.14319,-0.86371,-0.08978,-8.9819,2.88291,-17.15277,-1.92681,-18.96475,-0.83135,-19.77249,3.93456,-20.07071,9.94792]},{"time":1,"vertices":[-8.90598,26.95879,-8.88562,20.79607,-8.49298,14.24174,-5.47134,9.43604,-0.92487,6.17798,6.47631,1.62836,17.26578,-1.71266,22.573,-5.79693,29.84464,-7.82069,20.36481,-7.62622,15.83395,-5.0854,12.84015,-0.97601,2.87374,2.65547,-8.9343,4.23113,-15.38226,4.60439,-16.93079,10.62023,-17.14526,18.46028,-17.31256,25.17615]},{"time":1.1667,"vertices":[4.57244,43.92647,4.67905,37.68755,5.32022,31.06678,5.92764,24.40152,7.45274,17.20811,11.923,11.25624,17.38338,5.71442,23.86441,2.43571,38.22784,-3.55794,17.23886,-3.16968,13.06967,0.12718,8.33817,3.31519,2.0032,7.57565,-1.46149,14.09367,-2.89526,20.45141,-3.54843,27.82679,-3.77271,35.82909,-4.50394,42.42919]},{"time":1.3667,"vertices":[5.97779,6.95226,6.50016,6.22908,6.37955,5.93297,8.18213,3.9734,9.60489,0.79148,10.54729,-3.20699,12.14807,-7.33392,12.61298,-11.82489,14.12428,-18.41364,1.55326,-19.95358,1.26018,-13.37694,1.10652,-8.34804,-0.07685,-4.63938,1.32318,0.05347,-0.41379,0.55879,-1.80947,2.90479,-2.08239,6.28269,-1.98604,7.17215]},{"time":1.6667,"vertices":[5.97779,6.95226,6.50016,6.22908,6.61185,5.53172,8.18213,3.9734,9.60489,0.79148,10.54729,-3.20699,12.14807,-7.33392,12.61298,-11.82489,14.12428,-18.41364,1.55326,-19.95358,1.26018,-13.37694,1.10652,-8.34804,-0.07685,-4.63938,1.32318,0.05347,-0.41379,0.55879,-1.80947,2.90479,-2.08239,6.28269,-1.98604,7.17215]},{"time":1.8333,"vertices":[1.95597,7.01596,2.26743,6.71283,2.84335,7.1407,6.42761,4.36102,8.65462,1.16626,10.54729,-3.20699,12.14807,-7.33392,12.61298,-11.82489,14.12428,-18.41364,1.55326,-19.95358,1.26018,-13.37694,1.10652,-8.34804,-0.07685,-4.63938,1.32318,0.05347,-2.36158,0.94644,-5.28918,3.50271,-5.90399,5.84714,-7.73076,6.72044]},{"time":2,"vertices":[-3.35361,7.25321,-1.72717,7.07596,0.29421,8.50677,3.82215,4.74,7.82251,1.961,10.54729,-3.20699,12.14807,-7.33392,12.61298,-11.82489,14.12428,-18.41364,1.55326,-19.95358,1.26018,-13.37694,1.10652,-8.34804,-0.07685,-4.63938,1.32318,0.05347,-4.36231,1.16616,-8.65499,4.31014,-10.52871,4.88158,-12.32914,5.94638]},{"time":2.1667,"vertices":[-9.42607,7.35804,-6.18922,7.61039,-1.6528,10.06625,2.87228,5.83425,7.45531,2.15581,10.54729,-3.20699,12.14807,-7.33392,12.61298,-11.82489,14.12428,-18.41364,1.55326,-19.95358,1.26018,-13.37694,1.10652,-8.34804,-0.07685,-4.63938,-0.97274,-0.14564,-9.61525,-0.57698,-12.15607,2.83022,-15.03288,5.56198,-17.67901,6.47428]},{"time":2.3333,"vertices":[-6.85876,7.29041,-2.74495,7.40367,2.74229,7.65455,5.86077,5.18983,7.81358,1.92842,10.54729,-3.20699,12.14807,-7.33392,12.61298,-11.82489,14.12428,-18.41364,1.55326,-19.95358,1.26018,-13.37694,1.10652,-8.34804,-0.07685,-4.63938,-0.5901,-0.11246,-3.73615,0.16984,-6.91738,2.66819,-11.01448,5.5039,-15.06352,6.59059]},{"time":2.5,"vertices":[0.4479,6.64852,4.2379,6.4266,8.17781,5.67782,9.45578,3.98594,9.82707,1.32223,10.54729,-3.20699,12.14807,-7.33392,12.61298,-11.82489,14.12428,-18.41364,1.55326,-19.95358,1.26018,-13.37694,1.10652,-8.34804,-0.07685,-4.63938,-0.20744,-0.07927,0.42661,1.13355,-0.7817,0.72401,-4.35209,4.42154,-7.83334,6.60485]},{"time":2.6667,"vertices":[4.12597,6.86478,7.50508,6.15836,9.00092,5.33957,9.81269,3.92814,9.77153,1.18954,10.54729,-3.20699,12.14807,-7.33392,12.61298,-11.82489,14.12428,-18.41364,1.55326,-19.95358,1.26018,-13.37694,1.10652,-8.34804,-0.07685,-4.63938,0.17522,-0.04609,1.25112,1.34114,0.9956,2.54579,-0.57925,5.85096,-3.38878,6.64102]},{"time":2.8333,"vertices":[12.96986,12.10123,12.86311,12.0025,12.23834,8.95716,11.5962,5.14169,9.71598,1.05685,10.54729,-3.20699,12.14807,-7.33392,12.61298,-11.82489,14.12428,-18.41364,1.55326,-19.95358,1.26018,-13.37694,1.10652,-8.34804,-0.07685,-4.63938,0.55788,-0.0129,2.95671,1.79474,4.39841,5.52309,4.69827,8.84445,3.521,9.80424]},{"time":3.1667,"vertices":[5.97779,6.95226,6.50016,6.22908,6.37955,5.93297,8.18213,3.9734,9.60489,0.79148,10.54729,-3.20699,12.14807,-7.33392,12.61298,-11.82489,14.12428,-18.41364,1.55326,-19.95358,1.26018,-13.37694,1.10652,-8.34804,-0.07685,-4.63938,1.32318,0.05347,-0.41379,0.55879,-1.80947,2.90479,-2.08239,6.28269,-1.98604,7.17215]},{"time":3.3333,"vertices":[1.22415,4.13204,2.04565,3.80152,2.69888,5.22483,4.27841,2.45064,7.36641,-0.38067,9.31973,-4.18835,11.71178,-8.42128,11.67535,-13.01327,12.11566,-19.65162,0.32506,-20.44603,0.27606,-14.50228,0.50388,-9.31997,-0.25019,-5.6573,-0.15825,-1.01031,-2.7075,0.36193,-5.59582,3.2799,-6.12573,4.80012,-6.54149,4.24992]},{"time":3.5,"vertices":[-3.52951,1.31182,-3.61942,0.00551,-2.41235,-0.31665,-0.05505,0.90156,5.12793,-1.55281,8.09216,-5.16972,11.27551,-9.50864,10.73773,-14.20165,10.10703,-20.88959,-0.90314,-20.93848,-0.70807,-15.62762,-0.09875,-10.2919,-0.42352,-6.67522,-1.63968,-2.0741,-8.25183,-2.68566,-9.75552,-0.17977,-11.8385,-0.09924,-11.83836,-0.09908]},{"time":3.6667,"vertices":[-7.50369,0.9111,-7.05952,0.76855,-5.95123,0.33494,-3.58974,2.56614,3.28587,8.35555,12.15763,6.86151,13.86153,3.21102,14.50324,-2.32396,15.78082,-8.16407,4.2039,-10.97195,3.13026,-7.38791,1.24369,-4.75766,-4.66399,-2.50461,-6.85967,1.14226,-10.98897,0.43332,-12.86471,2.02512,-14.74281,3.43903,-15.79773,1.86253]},{"time":3.8333,"vertices":[-7.36641,0.69668,-6.88162,0.56549,-5.38682,0.64116,-1.73672,3.39211,3.35336,5.19984,7.95639,4.72942,12.51142,3.58688,15.63742,-0.14389,17.97842,-5.33716,7.79335,-9.00458,4.61037,-5.9395,1.55796,-3.49596,-2.59254,-1.87929,-5.94741,0.72709,-10.40796,0.73055,-12.79149,1.58703,-14.97834,3.38754,-16.05181,1.40469]},{"time":4,"vertices":[-9.13013,0.98966,-10.20808,1.60295,-7.30596,0.79583,-3.22264,2.76747,1.99374,3.30777,5.90993,0.49481,12.15207,-0.34072,16.04916,-3.98217,20.20367,-6.35306,12.95432,-7.25301,8.80308,-5.52042,3.95752,-3.19784,-1.67875,-1.01309,-6.79045,0.9839,-11.21439,0.78728,-14.32731,1.9859,-16.96891,4.00813,-19.3663,2.57798]},{"time":4.1667,"vertices":[-10.89386,1.28264,-10.94891,1.13614,-9.2251,0.95052,-4.70856,2.14283,0.9296,-0.02072,5.08047,-3.24935,9.79865,-5.63655,15.77652,-6.82294,21.62607,-7.83325,14.97223,-5.06985,10.461,-4.42477,6.35709,-2.89972,1.55035,-0.62865,-5.0733,0.15041,-12.02081,0.84401,-15.86313,2.38477,-18.95947,4.62872,-19.48682,2.4922]},{"time":4.3333,"vertices":[-10.89386,1.28264,-8.65286,1.17615,-6.19333,2.0347,-2.26422,2.98931,2.13647,-0.14726,6.47443,-3.16441,13.1715,-5.23156,19.71402,-7.48283,26.47827,-8.73705,18.63339,-7.74548,14.42319,-5.48287,9.60406,-3.70152,3.88297,-1.18626,-5.0733,0.15041,-12.02081,0.84401,-14.53839,1.96543,-16.52121,3.97768,-18.47903,2.35364]},{"time":4.5,"vertices":[-8.71713,-0.45884,-8.26065,1.19982,-5.39566,1.88594,-1.55875,2.73634,2.29654,0.45418,5.90417,-1.91705,13.31949,-4.4336,18.62631,-7.45082,24.6362,-7.66615,15.75244,-7.42851,11.68246,-5.84779,7.8586,-4.20284,-1.65628,-2.61056,-5.87204,0.29878,-10.32077,0.45439,-14.0174,1.50391,-16.18501,3.30763,-18.47903,2.35364]}]},"li3":{"li1":[{"time":0,"vertices":[18.04083,9.33488,14.15259,7.57291,11.21371,4.98007,6.40842,-0.42465,3.58673,1.82866,2.39511,3.49155,1.8598,3.27216,2.23184,2.63045,-6.96515,5.10491,-6.95261,6.30884,-5.74582,5.30922,-4.0083,3.21722,-1.45203,2.2253,2.24048,3.06756,5.0128,5.06965,7.92588,8.24154,9.9669,11.14587]},{"time":0.1667,"vertices":[15.32211,21.66357,15.89331,14.61387,14.91626,6.7785,8.46011,-0.67263,3.58673,1.82866,-0.68549,3.16301,-1.90274,3.49389,-1.9494,0.93813,-11.31085,4.95277,-9.79086,6.62919,-7.56128,4.80417,-4.0083,3.21722,-0.11523,2.83574,3.72092,5.2513,6.63682,8.82658,6.72953,16.52673,6.05247,23.32308]},{"time":0.3333,"vertices":[14.16385,33.54785,14.21616,26.10596,13.75378,17.65243,12.78134,1.37889,8.74982,2.38042,5.04626,2.64023,2.40604,2.47834,3.13315,0.11878,-6.2283,4.13342,-5.48209,5.61364,-1.82953,4.28139,1.15479,3.76897,4.20599,4.88726,3.03558,13.46673,5.47434,19.70051,5.05238,28.01882,4.89421,35.20736]},{"time":0.5,"vertices":[5.1058,45.66641,5.42877,38.80801,6.05826,29.47302,4.99594,15.07524,4.70609,8.04802,5.04626,2.64023,2.40604,2.47834,3.13315,0.11878,-7.98532,4.16494,-6.94873,6.00501,-4.85928,4.94412,-2.88895,9.43658,-3.57941,18.58361,-4.37494,25.38655,-3.75292,33.54911,-3.73501,40.72086,-4.54278,48.81962]},{"time":1.5,"vertices":[2.89508,6.24965,3.8457,8.91761,3.48303,6.97785,2.98407,0.08077,2.50806,-3.9147,2.38855,-9.32986,1.52252,-15.08604,1.55402,-21.09477,-5.12579,-19.41052,-4.61139,-13.77122,-4.89014,-8.83695,-4.78766,-3.98625,-4.94421,-0.79721,-4.8078,0.87807,-4.86577,3.92406,-5.14947,4.0734,-7.02465,1.85589]},{"time":1.6667,"vertices":[3.59076,-0.54523,5.20103,-1.45599,5.77243,-1.44905,5.05807,-6.66467,4.59954,-7.90695,4.78346,-6.85106,5.33957,-7.9484,6.87241,-10.57145,-3.2758,-14.94165,-4.4768,-10.81898,-3.83067,-8.14345,-3.66644,-6.34771,-3.09186,-4.25926,-3.03229,-3.11045,-3.31711,-2.12754,-4.72545,-3.09464,-8.28408,-4.35061]},{"time":1.8333,"vertices":[1.27257,-0.29009,4.16082,-1.16479,4.61794,-1.15924,5.01948,-5.54469,5.41922,-6.29819,4.56296,-7.23974,5.77379,-6.60056,5.22956,-9.21428,-4.05655,-12.10661,-3.58144,-8.65518,-3.06453,-6.51476,-3.29335,-5.16947,-3.47727,-3.40909,-3.79518,-2.52904,-4.0505,-2.72249,-7.89721,-2.25526,-12.49918,-2.89297]},{"time":2,"vertices":[-2.20136,1.00974,1.29442,0.59998,4.33632,-0.25494,6.05459,-5.99742,6.40301,-4.16117,5.90945,-2.5847,5.95322,-4.1995,5.24864,-4.64655,-3.04241,-9.07996,-2.65049,-8.75316,-2.40118,-7.78061,-1.91847,-7.11365,-2.75029,-4.11682,-4.5525,-4.24182,-7.51767,-2.5207,-10.45883,-0.60758,-14.90661,0.23355]},{"time":2.1667,"vertices":[-2.4417,0.70777,0.3136,-0.9458,2.4499,-1.60322,4.03639,-3.99829,1.54843,-3.26248,-0.41103,-4.1282,0.54481,-6.15535,-0.70827,-6.90655,-8.99825,-5.68842,-9.04043,-5.22577,-7.62615,-4.5827,-4.84246,-5.1228,-4.94198,-3.4922,-5.86929,-3.54632,-8.30115,-2.03152,-11.35844,-0.87327,-14.44072,0.78393]},{"time":2.3333,"vertices":[-4.96566,0.36981,-0.14667,-0.22807,2.91303,-0.30374,2.74714,-2.33705,0.77421,-1.63125,0.14703,-0.91737,-0.58859,-0.95168,-0.22987,1.31285,-9.88874,-3.00378,-9.02885,-3.23288,-7.8666,-3.2786,-5.5993,-5.25709,-5.01851,-6.45357,-5.15721,-1.73318,-9.17816,-1.96843,-13.90346,-1.31466,-18.85128,0.25913]},{"time":2.5,"vertices":[-7.8511,0.92941,-2.74167,1.47488,1.45078,4.23424,0.80121,-1.13835,0,-0.00001,-2.71811,-0.01828,-4.02866,0.79355,-4.21167,-0.042,-12.57104,0.56125,-11.52438,0.94501,-10.03073,0.96858,-7.79355,0.39157,-6.71777,0.50644,-7.37592,0.30008,-10.0021,0.69963,-14.51073,0.8981,-21.38381,0.33037]},{"time":2.6667,"vertices":[-3.00082,0.90872,0.72021,1.84464,2.62491,2.07039,0.80121,-1.13835,-1.77335,0.21459,-3.95172,0.02554,-4.72296,0.71939,-4.21167,-0.042,-14.18909,0.91522,-13.60764,0.72252,-12.07678,0.39896,-8.79794,-0.06683,-6.71777,0.50644,-5.83859,-0.94042,-7.19381,-0.93192,-10.6979,-0.27501,-17.41599,-0.65056]},{"time":2.7667,"vertices":[4.29666,-0.25042,4.26832,0.23614,4.17961,2.8831,2.1136,-1.32136,-0.88604,0.22856,-3.00692,1.01521,-2.66091,1.66064,-2.98459,0.57389,-12.39429,1.51098,-12.41472,1.65794,-10.98937,1.56556,-7.97893,0.58627,-6.09091,0.16951,-4.85944,-0.67377,-3.64513,-0.39713,-3.45347,0.33764,-3.80137,0.48052]},{"time":2.8333,"vertices":[14.38284,-0.46643,11.5762,2.33109,7.30466,3.6477,2.98853,-1.44336,-0.29449,0.23787,-2.37704,1.67499,-2.79678,1.59853,-2.16653,0.98449,-11.19775,1.90815,-11.61945,2.28155,-10.26443,2.34329,-7.43292,1.02168,-3.58438,0.16781,-1.07379,-0.16177,2.9535,-0.11698,4.50892,1.08028,5.27503,1.23457]},{"time":3,"vertices":[18.04083,9.33488,14.15259,7.57291,11.21371,4.98007,6.40842,-0.42465,3.58673,1.82866,2.39511,3.49155,1.8598,3.27216,2.23184,2.63045,-6.96515,5.10491,-6.95261,6.30884,-5.74582,5.30922,-4.0083,3.21722,-1.45203,2.2253,2.24048,3.06756,5.0128,5.06965,7.92588,8.24154,9.9669,11.14587]},{"time":3.1667,"vertices":[15.32211,21.66357,15.89331,14.61387,14.91626,6.7785,8.46011,-0.67263,3.58673,1.82866,-0.68549,3.16301,-1.90274,3.49389,-1.9494,0.93813,-11.31085,4.95277,-9.79086,6.62919,-7.56128,4.80417,-4.0083,3.21722,-0.11523,2.83574,3.72092,5.2513,6.63682,8.82658,6.72953,16.52673,6.05247,23.32308]},{"time":3.3333,"vertices":[14.16385,33.54785,14.21616,26.10596,13.75378,17.65243,12.78134,1.37889,8.74982,2.38042,5.04626,2.64023,2.40604,2.47834,3.13315,0.11878,-6.2283,4.13342,-5.48209,5.61364,-1.82953,4.28139,1.15479,3.76897,4.20599,4.88726,3.03558,13.46673,5.47434,19.70051,5.05238,28.01882,4.89421,35.20736]},{"time":3.5,"vertices":[5.1058,45.66641,5.42877,38.80801,6.05826,29.47302,4.99594,15.07524,4.70609,8.04802,5.04626,2.64023,2.40604,2.47834,3.13315,0.11878,-7.98532,4.16494,-6.94873,6.00501,-4.85928,4.94412,-2.88895,9.43658,-3.57941,18.58361,-4.37494,25.38655,-3.75292,33.54911,-3.73501,40.72086,-4.54278,48.81962]}]}}}}}},[0]]],0,0,[0],[-1],[0]]