[1,["28hpsJhrJAIZV6jj91I7wW"],["spriteFrame"],[["cc.BitmapFont",["_name","fontSize","_fntConfig"],0]],[[0,0,1,2,4]],[[0,"UTMNeoSansIntelBold",32,{"commonHeight":45,"fontSize":32,"atlasName":"UTMNeoSansIntelBold.png","fontDefDictionary":{"32":{"xOffset":0,"yOffset":38,"xAdvance":8,"rect":{"x":163,"y":274,"width":0,"height":0}},"33":{"xOffset":2,"yOffset":14,"xAdvance":8,"rect":{"x":283,"y":173,"width":5,"height":25}},"34":{"xOffset":1,"yOffset":14,"xAdvance":13,"rect":{"x":23,"y":274,"width":13,"height":8}},"35":{"xOffset":1,"yOffset":14,"xAdvance":22,"rect":{"x":469,"y":200,"width":20,"height":24}},"36":{"xOffset":2,"yOffset":11,"xAdvance":19,"rect":{"x":314,"y":79,"width":16,"height":31}},"37":{"xOffset":1,"yOffset":14,"xAdvance":26,"rect":{"x":290,"y":173,"width":24,"height":25}},"38":{"xOffset":2,"yOffset":14,"xAdvance":23,"rect":{"x":242,"y":173,"width":21,"height":25}},"39":{"xOffset":1,"yOffset":14,"xAdvance":7,"rect":{"x":38,"y":274,"width":6,"height":8}},"40":{"xOffset":2,"yOffset":14,"xAdvance":10,"rect":{"x":355,"y":79,"width":8,"height":31}},"41":{"xOffset":1,"yOffset":14,"xAdvance":10,"rect":{"x":365,"y":79,"width":8,"height":31}},"42":{"xOffset":1,"yOffset":14,"xAdvance":15,"rect":{"x":370,"y":253,"width":13,"height":13}},"43":{"xOffset":2,"yOffset":18,"xAdvance":19,"rect":{"x":303,"y":253,"width":15,"height":15}},"44":{"xOffset":0,"yOffset":33,"xAdvance":8,"rect":{"x":14,"y":274,"width":7,"height":8}},"45":{"xOffset":1,"yOffset":26,"xAdvance":10,"rect":{"x":115,"y":274,"width":8,"height":4}},"46":{"xOffset":2,"yOffset":33,"xAdvance":8,"rect":{"x":91,"y":274,"width":5,"height":5}},"47":{"xOffset":0,"yOffset":14,"xAdvance":12,"rect":{"x":425,"y":200,"width":12,"height":24}},"48":{"xOffset":1,"yOffset":14,"xAdvance":20,"rect":{"x":379,"y":173,"width":17,"height":25}},"49":{"xOffset":4,"yOffset":14,"xAdvance":20,"rect":{"x":458,"y":200,"width":9,"height":24}},"50":{"xOffset":2,"yOffset":14,"xAdvance":20,"rect":{"x":469,"y":173,"width":16,"height":25}},"51":{"xOffset":2,"yOffset":14,"xAdvance":20,"rect":{"x":452,"y":173,"width":15,"height":25}},"52":{"xOffset":1,"yOffset":14,"xAdvance":20,"rect":{"x":205,"y":227,"width":18,"height":24}},"53":{"xOffset":2,"yOffset":14,"xAdvance":20,"rect":{"x":417,"y":173,"width":15,"height":25}},"54":{"xOffset":2,"yOffset":14,"xAdvance":20,"rect":{"x":398,"y":173,"width":17,"height":25}},"55":{"xOffset":2,"yOffset":14,"xAdvance":20,"rect":{"x":171,"y":227,"width":16,"height":24}},"56":{"xOffset":1,"yOffset":14,"xAdvance":20,"rect":{"x":339,"y":173,"width":17,"height":25}},"57":{"xOffset":2,"yOffset":14,"xAdvance":20,"rect":{"x":223,"y":173,"width":17,"height":25}},"58":{"xOffset":2,"yOffset":21,"xAdvance":8,"rect":{"x":228,"y":253,"width":5,"height":18}},"59":{"xOffset":0,"yOffset":21,"xAdvance":8,"rect":{"x":439,"y":227,"width":7,"height":21}},"60":{"xOffset":3,"yOffset":17,"xAdvance":19,"rect":{"x":270,"y":253,"width":13,"height":17}},"61":{"xOffset":3,"yOffset":20,"xAdvance":19,"rect":{"x":419,"y":253,"width":15,"height":12}},"62":{"xOffset":3,"yOffset":17,"xAdvance":19,"rect":{"x":235,"y":253,"width":14,"height":17}},"63":{"xOffset":1,"yOffset":14,"xAdvance":14,"rect":{"x":470,"y":145,"width":13,"height":25}},"64":{"xOffset":1,"yOffset":17,"xAdvance":24,"rect":{"x":428,"y":145,"width":23,"height":25}},"65":{"xOffset":1,"yOffset":14,"xAdvance":21,"rect":{"x":406,"y":145,"width":20,"height":25}},"66":{"xOffset":2,"yOffset":14,"xAdvance":20,"rect":{"x":76,"y":173,"width":17,"height":25}},"67":{"xOffset":2,"yOffset":14,"xAdvance":18,"rect":{"x":130,"y":173,"width":15,"height":25}},"68":{"xOffset":2,"yOffset":14,"xAdvance":21,"rect":{"x":487,"y":173,"width":18,"height":25}},"69":{"xOffset":2,"yOffset":14,"xAdvance":18,"rect":{"x":147,"y":173,"width":15,"height":25}},"70":{"xOffset":2,"yOffset":14,"xAdvance":18,"rect":{"x":40,"y":173,"width":15,"height":25}},"71":{"xOffset":2,"yOffset":14,"xAdvance":20,"rect":{"x":2,"y":173,"width":17,"height":25}},"72":{"xOffset":2,"yOffset":14,"xAdvance":22,"rect":{"x":70,"y":227,"width":18,"height":24}},"73":{"xOffset":2,"yOffset":14,"xAdvance":9,"rect":{"x":491,"y":200,"width":5,"height":24}},"74":{"xOffset":-1,"yOffset":14,"xAdvance":9,"rect":{"x":221,"y":112,"width":8,"height":30}},"75":{"xOffset":2,"yOffset":14,"xAdvance":20,"rect":{"x":151,"y":227,"width":18,"height":24}},"76":{"xOffset":2,"yOffset":14,"xAdvance":16,"rect":{"x":306,"y":200,"width":14,"height":25}},"77":{"xOffset":2,"yOffset":14,"xAdvance":25,"rect":{"x":90,"y":227,"width":21,"height":24}},"78":{"xOffset":2,"yOffset":14,"xAdvance":22,"rect":{"x":50,"y":227,"width":18,"height":24}},"79":{"xOffset":2,"yOffset":14,"xAdvance":21,"rect":{"x":188,"y":200,"width":19,"height":25}},"80":{"xOffset":2,"yOffset":14,"xAdvance":20,"rect":{"x":287,"y":200,"width":17,"height":25}},"81":{"xOffset":2,"yOffset":14,"xAdvance":22,"rect":{"x":454,"y":112,"width":20,"height":28}},"82":{"xOffset":2,"yOffset":14,"xAdvance":20,"rect":{"x":67,"y":200,"width":18,"height":25}},"83":{"xOffset":1,"yOffset":14,"xAdvance":18,"rect":{"x":116,"y":200,"width":16,"height":25}},"84":{"xOffset":1,"yOffset":14,"xAdvance":18,"rect":{"x":363,"y":200,"width":17,"height":24}},"85":{"xOffset":2,"yOffset":14,"xAdvance":21,"rect":{"x":168,"y":200,"width":18,"height":25}},"86":{"xOffset":1,"yOffset":14,"xAdvance":21,"rect":{"x":94,"y":200,"width":20,"height":25}},"87":{"xOffset":1,"yOffset":14,"xAdvance":27,"rect":{"x":38,"y":200,"width":27,"height":25}},"88":{"xOffset":1,"yOffset":14,"xAdvance":21,"rect":{"x":382,"y":200,"width":20,"height":24}},"89":{"xOffset":1,"yOffset":14,"xAdvance":19,"rect":{"x":404,"y":200,"width":19,"height":24}},"90":{"xOffset":1,"yOffset":14,"xAdvance":18,"rect":{"x":439,"y":200,"width":17,"height":24}},"91":{"xOffset":2,"yOffset":14,"xAdvance":11,"rect":{"x":165,"y":112,"width":9,"height":30}},"93":{"xOffset":1,"yOffset":14,"xAdvance":11,"rect":{"x":176,"y":112,"width":9,"height":30}},"94":{"xOffset":2,"yOffset":14,"xAdvance":19,"rect":{"x":74,"y":274,"width":15,"height":6}},"95":{"xOffset":-1,"yOffset":39,"xAdvance":17,"rect":{"x":138,"y":274,"width":19,"height":3}},"96":{"xOffset":1,"yOffset":13,"xAdvance":12,"rect":{"x":98,"y":274,"width":8,"height":5}},"97":{"xOffset":1,"yOffset":20,"xAdvance":17,"rect":{"x":91,"y":253,"width":15,"height":19}},"98":{"xOffset":2,"yOffset":14,"xAdvance":18,"rect":{"x":253,"y":200,"width":15,"height":25}},"99":{"xOffset":1,"yOffset":20,"xAdvance":15,"rect":{"x":465,"y":227,"width":13,"height":19}},"100":{"xOffset":1,"yOffset":14,"xAdvance":18,"rect":{"x":270,"y":200,"width":15,"height":25}},"101":{"xOffset":1,"yOffset":20,"xAdvance":18,"rect":{"x":73,"y":253,"width":16,"height":19}},"102":{"xOffset":0,"yOffset":13,"xAdvance":12,"rect":{"x":116,"y":173,"width":12,"height":25}},"103":{"xOffset":1,"yOffset":20,"xAdvance":18,"rect":{"x":151,"y":200,"width":15,"height":25}},"104":{"xOffset":2,"yOffset":14,"xAdvance":18,"rect":{"x":134,"y":200,"width":15,"height":25}},"105":{"xOffset":2,"yOffset":13,"xAdvance":8,"rect":{"x":87,"y":200,"width":5,"height":25}},"106":{"xOffset":-1,"yOffset":13,"xAdvance":8,"rect":{"x":426,"y":43,"width":8,"height":31}},"107":{"xOffset":2,"yOffset":14,"xAdvance":17,"rect":{"x":322,"y":200,"width":15,"height":25}},"108":{"xOffset":2,"yOffset":14,"xAdvance":8,"rect":{"x":356,"y":200,"width":5,"height":25}},"109":{"xOffset":2,"yOffset":20,"xAdvance":27,"rect":{"x":108,"y":253,"width":23,"height":19}},"110":{"xOffset":2,"yOffset":20,"xAdvance":18,"rect":{"x":163,"y":253,"width":15,"height":19}},"111":{"xOffset":1,"yOffset":20,"xAdvance":18,"rect":{"x":133,"y":253,"width":16,"height":19}},"112":{"xOffset":2,"yOffset":20,"xAdvance":18,"rect":{"x":236,"y":200,"width":15,"height":25}},"113":{"xOffset":1,"yOffset":20,"xAdvance":18,"rect":{"x":219,"y":200,"width":15,"height":25}},"114":{"xOffset":2,"yOffset":20,"xAdvance":12,"rect":{"x":151,"y":253,"width":10,"height":19}},"115":{"xOffset":1,"yOffset":20,"xAdvance":15,"rect":{"x":58,"y":253,"width":13,"height":19}},"116":{"xOffset":1,"yOffset":16,"xAdvance":13,"rect":{"x":261,"y":227,"width":12,"height":23}},"117":{"xOffset":2,"yOffset":20,"xAdvance":18,"rect":{"x":448,"y":227,"width":15,"height":19}},"118":{"xOffset":1,"yOffset":20,"xAdvance":17,"rect":{"x":480,"y":227,"width":17,"height":19}},"119":{"xOffset":1,"yOffset":20,"xAdvance":26,"rect":{"x":180,"y":253,"width":25,"height":19}},"120":{"xOffset":0,"yOffset":20,"xAdvance":18,"rect":{"x":2,"y":253,"width":17,"height":19}},"121":{"xOffset":1,"yOffset":20,"xAdvance":18,"rect":{"x":21,"y":173,"width":17,"height":25}},"122":{"xOffset":1,"yOffset":20,"xAdvance":15,"rect":{"x":21,"y":253,"width":14,"height":19}},"123":{"xOffset":1,"yOffset":14,"xAdvance":11,"rect":{"x":458,"y":43,"width":11,"height":31}},"124":{"xOffset":0,"yOffset":15,"xAdvance":14,"rect":{"x":113,"y":227,"width":36,"height":24}},"125":{"xOffset":0,"yOffset":14,"xAdvance":11,"rect":{"x":78,"y":79,"width":11,"height":31}},"126":{"xOffset":2,"yOffset":21,"xAdvance":19,"rect":{"x":46,"y":274,"width":16,"height":7}},"161":{"xOffset":3,"yOffset":23,"xAdvance":11,"rect":{"x":275,"y":227,"width":6,"height":23}},"162":{"xOffset":2,"yOffset":19,"xAdvance":16,"rect":{"x":189,"y":227,"width":14,"height":24}},"163":{"xOffset":0,"yOffset":16,"xAdvance":16,"rect":{"x":283,"y":227,"width":15,"height":23}},"164":{"xOffset":1,"yOffset":21,"xAdvance":16,"rect":{"x":285,"y":253,"width":16,"height":16}},"165":{"xOffset":0,"yOffset":17,"xAdvance":16,"rect":{"x":415,"y":227,"width":22,"height":22}},"166":{"xOffset":2,"yOffset":16,"xAdvance":6,"rect":{"x":300,"y":227,"width":4,"height":23}},"167":{"xOffset":2,"yOffset":16,"xAdvance":16,"rect":{"x":493,"y":112,"width":13,"height":27}},"168":{"xOffset":0,"yOffset":38,"xAdvance":16,"rect":{"x":165,"y":274,"width":0,"height":0}},"169":{"xOffset":1,"yOffset":14,"xAdvance":12,"rect":{"x":479,"y":253,"width":10,"height":10}},"170":{"xOffset":0,"yOffset":16,"xAdvance":9,"rect":{"x":467,"y":253,"width":10,"height":10}},"171":{"xOffset":1,"yOffset":25,"xAdvance":16,"rect":{"x":385,"y":253,"width":15,"height":13}},"172":{"xOffset":1,"yOffset":26,"xAdvance":18,"rect":{"x":436,"y":253,"width":17,"height":11}},"173":{"xOffset":1,"yOffset":30,"xAdvance":11,"rect":{"x":159,"y":274,"width":0,"height":0}},"174":{"xOffset":1,"yOffset":14,"xAdvance":12,"rect":{"x":455,"y":253,"width":10,"height":10}},"175":{"xOffset":-1,"yOffset":19,"xAdvance":11,"rect":{"x":125,"y":274,"width":11,"height":3}},"176":{"xOffset":1,"yOffset":17,"xAdvance":13,"rect":{"x":2,"y":274,"width":10,"height":10}},"177":{"xOffset":1,"yOffset":22,"xAdvance":18,"rect":{"x":251,"y":253,"width":17,"height":17}},"178":{"xOffset":0,"yOffset":17,"xAdvance":10,"rect":{"x":336,"y":253,"width":10,"height":14}},"179":{"xOffset":0,"yOffset":17,"xAdvance":10,"rect":{"x":348,"y":253,"width":10,"height":14}},"180":{"xOffset":0,"yOffset":38,"xAdvance":16,"rect":{"x":161,"y":274,"width":0,"height":0}},"181":{"xOffset":-2,"yOffset":24,"xAdvance":18,"rect":{"x":393,"y":227,"width":20,"height":22}},"182":{"xOffset":1,"yOffset":16,"xAdvance":16,"rect":{"x":245,"y":227,"width":14,"height":23}},"183":{"xOffset":2,"yOffset":26,"xAdvance":8,"rect":{"x":108,"y":274,"width":5,"height":5}},"184":{"xOffset":1,"yOffset":38,"xAdvance":11,"rect":{"x":64,"y":274,"width":8,"height":7}},"185":{"xOffset":2,"yOffset":17,"xAdvance":10,"rect":{"x":360,"y":253,"width":8,"height":14}},"186":{"xOffset":1,"yOffset":16,"xAdvance":10,"rect":{"x":491,"y":253,"width":10,"height":10}},"187":{"xOffset":1,"yOffset":25,"xAdvance":16,"rect":{"x":402,"y":253,"width":15,"height":13}},"188":{"xOffset":1,"yOffset":14,"xAdvance":23,"rect":{"x":2,"y":227,"width":22,"height":24}},"189":{"xOffset":1,"yOffset":14,"xAdvance":24,"rect":{"x":26,"y":227,"width":22,"height":24}},"190":{"xOffset":1,"yOffset":14,"xAdvance":26,"rect":{"x":2,"y":200,"width":24,"height":25}},"191":{"xOffset":1,"yOffset":23,"xAdvance":14,"rect":{"x":306,"y":227,"width":13,"height":23}},"192":{"xOffset":1,"yOffset":8,"xAdvance":21,"rect":{"x":39,"y":79,"width":20,"height":31}},"193":{"xOffset":1,"yOffset":8,"xAdvance":21,"rect":{"x":436,"y":43,"width":20,"height":31}},"194":{"xOffset":1,"yOffset":8,"xAdvance":21,"rect":{"x":404,"y":43,"width":20,"height":31}},"195":{"xOffset":1,"yOffset":8,"xAdvance":21,"rect":{"x":382,"y":43,"width":20,"height":31}},"200":{"xOffset":2,"yOffset":8,"xAdvance":18,"rect":{"x":348,"y":43,"width":15,"height":31}},"201":{"xOffset":2,"yOffset":8,"xAdvance":18,"rect":{"x":471,"y":43,"width":15,"height":31}},"202":{"xOffset":2,"yOffset":8,"xAdvance":18,"rect":{"x":64,"y":112,"width":15,"height":31}},"204":{"xOffset":-1,"yOffset":8,"xAdvance":9,"rect":{"x":33,"y":112,"width":8,"height":31}},"205":{"xOffset":2,"yOffset":8,"xAdvance":9,"rect":{"x":23,"y":112,"width":8,"height":31}},"210":{"xOffset":2,"yOffset":8,"xAdvance":21,"rect":{"x":43,"y":112,"width":19,"height":31}},"211":{"xOffset":2,"yOffset":8,"xAdvance":21,"rect":{"x":2,"y":112,"width":19,"height":31}},"212":{"xOffset":2,"yOffset":8,"xAdvance":21,"rect":{"x":91,"y":79,"width":19,"height":31}},"213":{"xOffset":2,"yOffset":8,"xAdvance":21,"rect":{"x":466,"y":79,"width":19,"height":31}},"217":{"xOffset":2,"yOffset":8,"xAdvance":21,"rect":{"x":446,"y":79,"width":18,"height":31}},"218":{"xOffset":2,"yOffset":8,"xAdvance":21,"rect":{"x":487,"y":79,"width":18,"height":31}},"221":{"xOffset":1,"yOffset":8,"xAdvance":19,"rect":{"x":123,"y":112,"width":19,"height":31}},"224":{"xOffset":1,"yOffset":13,"xAdvance":17,"rect":{"x":112,"y":145,"width":15,"height":26}},"225":{"xOffset":1,"yOffset":13,"xAdvance":17,"rect":{"x":146,"y":145,"width":15,"height":26}},"226":{"xOffset":1,"yOffset":13,"xAdvance":17,"rect":{"x":129,"y":145,"width":15,"height":26}},"227":{"xOffset":1,"yOffset":13,"xAdvance":17,"rect":{"x":95,"y":145,"width":15,"height":26}},"232":{"xOffset":1,"yOffset":13,"xAdvance":18,"rect":{"x":77,"y":145,"width":16,"height":26}},"233":{"xOffset":1,"yOffset":13,"xAdvance":18,"rect":{"x":23,"y":145,"width":16,"height":26}},"234":{"xOffset":1,"yOffset":13,"xAdvance":18,"rect":{"x":59,"y":145,"width":16,"height":26}},"236":{"xOffset":-1,"yOffset":13,"xAdvance":8,"rect":{"x":209,"y":200,"width":8,"height":25}},"237":{"xOffset":2,"yOffset":13,"xAdvance":8,"rect":{"x":28,"y":200,"width":8,"height":25}},"242":{"xOffset":1,"yOffset":13,"xAdvance":18,"rect":{"x":41,"y":145,"width":16,"height":26}},"243":{"xOffset":1,"yOffset":13,"xAdvance":18,"rect":{"x":163,"y":145,"width":16,"height":26}},"244":{"xOffset":1,"yOffset":13,"xAdvance":18,"rect":{"x":181,"y":145,"width":16,"height":26}},"245":{"xOffset":1,"yOffset":13,"xAdvance":18,"rect":{"x":279,"y":145,"width":16,"height":26}},"249":{"xOffset":2,"yOffset":13,"xAdvance":18,"rect":{"x":318,"y":145,"width":15,"height":26}},"250":{"xOffset":2,"yOffset":13,"xAdvance":18,"rect":{"x":374,"y":145,"width":15,"height":26}},"253":{"xOffset":1,"yOffset":13,"xAdvance":18,"rect":{"x":232,"y":43,"width":17,"height":32}},"258":{"xOffset":1,"yOffset":8,"xAdvance":21,"rect":{"x":2,"y":79,"width":20,"height":31}},"259":{"xOffset":1,"yOffset":13,"xAdvance":17,"rect":{"x":339,"y":200,"width":15,"height":25}},"272":{"xOffset":0,"yOffset":14,"xAdvance":21,"rect":{"x":201,"y":173,"width":20,"height":25}},"273":{"xOffset":1,"yOffset":14,"xAdvance":18,"rect":{"x":181,"y":173,"width":18,"height":25}},"296":{"xOffset":-1,"yOffset":8,"xAdvance":9,"rect":{"x":24,"y":79,"width":13,"height":31}},"297":{"xOffset":-2,"yOffset":13,"xAdvance":8,"rect":{"x":391,"y":145,"width":13,"height":26}},"360":{"xOffset":2,"yOffset":8,"xAdvance":21,"rect":{"x":112,"y":79,"width":18,"height":31}},"361":{"xOffset":2,"yOffset":13,"xAdvance":18,"rect":{"x":199,"y":145,"width":15,"height":26}},"416":{"xOffset":2,"yOffset":14,"xAdvance":21,"rect":{"x":316,"y":173,"width":21,"height":25}},"417":{"xOffset":1,"yOffset":20,"xAdvance":18,"rect":{"x":37,"y":253,"width":19,"height":19}},"431":{"xOffset":2,"yOffset":14,"xAdvance":21,"rect":{"x":485,"y":145,"width":22,"height":25}},"432":{"xOffset":2,"yOffset":20,"xAdvance":18,"rect":{"x":207,"y":253,"width":19,"height":19}},"7840":{"xOffset":1,"yOffset":14,"xAdvance":21,"rect":{"x":132,"y":79,"width":20,"height":31}},"7841":{"xOffset":1,"yOffset":20,"xAdvance":17,"rect":{"x":164,"y":173,"width":15,"height":25}},"7842":{"xOffset":1,"yOffset":5,"xAdvance":21,"rect":{"x":19,"y":43,"width":20,"height":34}},"7843":{"xOffset":1,"yOffset":10,"xAdvance":17,"rect":{"x":476,"y":112,"width":15,"height":28}},"7844":{"xOffset":1,"yOffset":4,"xAdvance":21,"rect":{"x":472,"y":2,"width":22,"height":34}},"7845":{"xOffset":1,"yOffset":9,"xAdvance":17,"rect":{"x":293,"y":112,"width":19,"height":29}},"7846":{"xOffset":1,"yOffset":4,"xAdvance":21,"rect":{"x":429,"y":2,"width":20,"height":34}},"7847":{"xOffset":1,"yOffset":9,"xAdvance":17,"rect":{"x":332,"y":112,"width":16,"height":29}},"7848":{"xOffset":1,"yOffset":1,"xAdvance":21,"rect":{"x":146,"y":2,"width":20,"height":37}},"7849":{"xOffset":1,"yOffset":6,"xAdvance":17,"rect":{"x":123,"y":43,"width":17,"height":32}},"7850":{"xOffset":1,"yOffset":2,"xAdvance":21,"rect":{"x":229,"y":2,"width":20,"height":36}},"7851":{"xOffset":1,"yOffset":7,"xAdvance":17,"rect":{"x":331,"y":43,"width":15,"height":31}},"7852":{"xOffset":1,"yOffset":8,"xAdvance":21,"rect":{"x":124,"y":2,"width":20,"height":37}},"7853":{"xOffset":1,"yOffset":13,"xAdvance":17,"rect":{"x":197,"y":43,"width":15,"height":32}},"7854":{"xOffset":1,"yOffset":3,"xAdvance":21,"rect":{"x":335,"y":2,"width":20,"height":35}},"7855":{"xOffset":1,"yOffset":9,"xAdvance":17,"rect":{"x":187,"y":112,"width":15,"height":30}},"7856":{"xOffset":1,"yOffset":3,"xAdvance":21,"rect":{"x":168,"y":2,"width":20,"height":36}},"7857":{"xOffset":1,"yOffset":9,"xAdvance":17,"rect":{"x":204,"y":112,"width":15,"height":30}},"7858":{"xOffset":1,"yOffset":0,"xAdvance":21,"rect":{"x":2,"y":2,"width":20,"height":39}},"7859":{"xOffset":1,"yOffset":6,"xAdvance":17,"rect":{"x":106,"y":43,"width":15,"height":33}},"7860":{"xOffset":1,"yOffset":2,"xAdvance":21,"rect":{"x":207,"y":2,"width":20,"height":36}},"7861":{"xOffset":1,"yOffset":7,"xAdvance":17,"rect":{"x":61,"y":79,"width":15,"height":31}},"7862":{"xOffset":1,"yOffset":8,"xAdvance":21,"rect":{"x":64,"y":2,"width":20,"height":37}},"7863":{"xOffset":1,"yOffset":13,"xAdvance":17,"rect":{"x":180,"y":43,"width":15,"height":32}},"7864":{"xOffset":2,"yOffset":14,"xAdvance":18,"rect":{"x":314,"y":43,"width":15,"height":31}},"7865":{"xOffset":1,"yOffset":20,"xAdvance":18,"rect":{"x":434,"y":173,"width":16,"height":25}},"7866":{"xOffset":2,"yOffset":5,"xAdvance":18,"rect":{"x":2,"y":43,"width":15,"height":34}},"7867":{"xOffset":1,"yOffset":11,"xAdvance":18,"rect":{"x":436,"y":112,"width":16,"height":28}},"7868":{"xOffset":2,"yOffset":8,"xAdvance":18,"rect":{"x":365,"y":43,"width":15,"height":31}},"7869":{"xOffset":1,"yOffset":13,"xAdvance":18,"rect":{"x":356,"y":145,"width":16,"height":26}},"7870":{"xOffset":2,"yOffset":4,"xAdvance":18,"rect":{"x":272,"y":2,"width":20,"height":35}},"7871":{"xOffset":1,"yOffset":9,"xAdvance":18,"rect":{"x":271,"y":112,"width":20,"height":29}},"7872":{"xOffset":2,"yOffset":4,"xAdvance":18,"rect":{"x":317,"y":2,"width":16,"height":35}},"7873":{"xOffset":1,"yOffset":9,"xAdvance":18,"rect":{"x":314,"y":112,"width":16,"height":29}},"7874":{"xOffset":2,"yOffset":1,"xAdvance":18,"rect":{"x":24,"y":2,"width":17,"height":38}},"7875":{"xOffset":1,"yOffset":6,"xAdvance":18,"rect":{"x":269,"y":43,"width":17,"height":32}},"7876":{"xOffset":2,"yOffset":2,"xAdvance":18,"rect":{"x":190,"y":2,"width":15,"height":36}},"7877":{"xOffset":1,"yOffset":8,"xAdvance":18,"rect":{"x":488,"y":43,"width":16,"height":31}},"7878":{"xOffset":2,"yOffset":8,"xAdvance":18,"rect":{"x":86,"y":2,"width":15,"height":37}},"7879":{"xOffset":1,"yOffset":13,"xAdvance":18,"rect":{"x":214,"y":43,"width":16,"height":32}},"7880":{"xOffset":2,"yOffset":5,"xAdvance":9,"rect":{"x":377,"y":2,"width":7,"height":34}},"7881":{"xOffset":1,"yOffset":11,"xAdvance":8,"rect":{"x":427,"y":112,"width":7,"height":28}},"7882":{"xOffset":2,"yOffset":14,"xAdvance":9,"rect":{"x":439,"y":79,"width":5,"height":31}},"7883":{"xOffset":2,"yOffset":13,"xAdvance":8,"rect":{"x":288,"y":43,"width":5,"height":32}},"7884":{"xOffset":2,"yOffset":14,"xAdvance":21,"rect":{"x":293,"y":79,"width":19,"height":31}},"7885":{"xOffset":1,"yOffset":20,"xAdvance":18,"rect":{"x":265,"y":173,"width":16,"height":25}},"7886":{"xOffset":2,"yOffset":5,"xAdvance":21,"rect":{"x":41,"y":43,"width":19,"height":34}},"7887":{"xOffset":1,"yOffset":11,"xAdvance":18,"rect":{"x":388,"y":112,"width":16,"height":28}},"7888":{"xOffset":2,"yOffset":4,"xAdvance":21,"rect":{"x":294,"y":2,"width":21,"height":35}},"7889":{"xOffset":1,"yOffset":9,"xAdvance":18,"rect":{"x":231,"y":112,"width":20,"height":29}},"7890":{"xOffset":2,"yOffset":4,"xAdvance":21,"rect":{"x":62,"y":43,"width":19,"height":34}},"7891":{"xOffset":1,"yOffset":9,"xAdvance":18,"rect":{"x":253,"y":112,"width":16,"height":29}},"7892":{"xOffset":2,"yOffset":1,"xAdvance":21,"rect":{"x":43,"y":2,"width":19,"height":38}},"7893":{"xOffset":1,"yOffset":6,"xAdvance":18,"rect":{"x":295,"y":43,"width":17,"height":32}},"7894":{"xOffset":2,"yOffset":2,"xAdvance":21,"rect":{"x":251,"y":2,"width":19,"height":36}},"7895":{"xOffset":1,"yOffset":8,"xAdvance":18,"rect":{"x":398,"y":79,"width":16,"height":31}},"7896":{"xOffset":2,"yOffset":8,"xAdvance":21,"rect":{"x":103,"y":2,"width":19,"height":37}},"7897":{"xOffset":1,"yOffset":13,"xAdvance":18,"rect":{"x":251,"y":43,"width":16,"height":32}},"7898":{"xOffset":2,"yOffset":8,"xAdvance":21,"rect":{"x":416,"y":79,"width":21,"height":31}},"7899":{"xOffset":1,"yOffset":13,"xAdvance":18,"rect":{"x":2,"y":145,"width":19,"height":26}},"7900":{"xOffset":2,"yOffset":8,"xAdvance":21,"rect":{"x":375,"y":79,"width":21,"height":31}},"7901":{"xOffset":1,"yOffset":13,"xAdvance":18,"rect":{"x":216,"y":145,"width":19,"height":26}},"7902":{"xOffset":2,"yOffset":5,"xAdvance":21,"rect":{"x":83,"y":43,"width":21,"height":34}},"7903":{"xOffset":1,"yOffset":11,"xAdvance":18,"rect":{"x":406,"y":112,"width":19,"height":28}},"7904":{"xOffset":2,"yOffset":8,"xAdvance":21,"rect":{"x":332,"y":79,"width":21,"height":31}},"7905":{"xOffset":1,"yOffset":13,"xAdvance":18,"rect":{"x":237,"y":145,"width":19,"height":26}},"7906":{"xOffset":2,"yOffset":14,"xAdvance":21,"rect":{"x":270,"y":79,"width":21,"height":31}},"7907":{"xOffset":1,"yOffset":20,"xAdvance":18,"rect":{"x":358,"y":173,"width":19,"height":25}},"7908":{"xOffset":2,"yOffset":14,"xAdvance":21,"rect":{"x":178,"y":79,"width":18,"height":31}},"7909":{"xOffset":2,"yOffset":20,"xAdvance":18,"rect":{"x":453,"y":145,"width":15,"height":25}},"7910":{"xOffset":2,"yOffset":5,"xAdvance":21,"rect":{"x":357,"y":2,"width":18,"height":34}},"7911":{"xOffset":2,"yOffset":11,"xAdvance":18,"rect":{"x":350,"y":112,"width":15,"height":28}},"7912":{"xOffset":2,"yOffset":8,"xAdvance":21,"rect":{"x":246,"y":79,"width":22,"height":31}},"7913":{"xOffset":2,"yOffset":13,"xAdvance":18,"rect":{"x":258,"y":145,"width":19,"height":26}},"7914":{"xOffset":2,"yOffset":8,"xAdvance":21,"rect":{"x":198,"y":79,"width":22,"height":31}},"7915":{"xOffset":2,"yOffset":13,"xAdvance":18,"rect":{"x":297,"y":145,"width":19,"height":26}},"7916":{"xOffset":2,"yOffset":5,"xAdvance":21,"rect":{"x":386,"y":2,"width":22,"height":34}},"7917":{"xOffset":2,"yOffset":11,"xAdvance":18,"rect":{"x":367,"y":112,"width":19,"height":28}},"7918":{"xOffset":2,"yOffset":8,"xAdvance":21,"rect":{"x":222,"y":79,"width":22,"height":31}},"7919":{"xOffset":2,"yOffset":13,"xAdvance":18,"rect":{"x":335,"y":145,"width":19,"height":26}},"7920":{"xOffset":2,"yOffset":14,"xAdvance":21,"rect":{"x":154,"y":79,"width":22,"height":31}},"7921":{"xOffset":2,"yOffset":20,"xAdvance":18,"rect":{"x":95,"y":173,"width":19,"height":25}},"7922":{"xOffset":1,"yOffset":8,"xAdvance":19,"rect":{"x":81,"y":112,"width":19,"height":31}},"7923":{"xOffset":1,"yOffset":13,"xAdvance":18,"rect":{"x":161,"y":43,"width":17,"height":32}},"7924":{"xOffset":1,"yOffset":14,"xAdvance":19,"rect":{"x":144,"y":112,"width":19,"height":31}},"7925":{"xOffset":1,"yOffset":20,"xAdvance":18,"rect":{"x":57,"y":173,"width":17,"height":25}},"7926":{"xOffset":1,"yOffset":5,"xAdvance":19,"rect":{"x":451,"y":2,"width":19,"height":34}},"7927":{"xOffset":1,"yOffset":11,"xAdvance":18,"rect":{"x":410,"y":2,"width":17,"height":34}},"7928":{"xOffset":1,"yOffset":8,"xAdvance":19,"rect":{"x":102,"y":112,"width":19,"height":31}},"7929":{"xOffset":1,"yOffset":13,"xAdvance":18,"rect":{"x":142,"y":43,"width":17,"height":32}},"9679":{"xOffset":3,"yOffset":22,"xAdvance":19,"rect":{"x":320,"y":253,"width":14,"height":14}},"9824":{"xOffset":2,"yOffset":16,"xAdvance":24,"rect":{"x":344,"y":227,"width":21,"height":22}},"9827":{"xOffset":1,"yOffset":17,"xAdvance":24,"rect":{"x":367,"y":227,"width":24,"height":22}},"9829":{"xOffset":2,"yOffset":16,"xAdvance":24,"rect":{"x":321,"y":227,"width":21,"height":22}},"9830":{"xOffset":3,"yOffset":16,"xAdvance":24,"rect":{"x":225,"y":227,"width":18,"height":23}}},"kerningDict":{"173":-10,"2097325":-10,"2162861":-10,"2228397":-10,"2293933":-10,"2359469":-10,"2425005":-10,"2490541":-10,"2556077":-10,"2621613":-10,"2687149":-10,"2752685":-10,"2818221":-10,"2883757":-10,"2949293":-10,"3014829":-10,"3080365":-10,"3145901":-10,"3211437":-10,"3276973":-10,"3342509":-10,"3408045":-10,"3473581":-10,"3539117":-10,"3604653":-10,"3670189":-10,"3735725":-10,"3801261":-10,"3866797":-10,"3932333":-10,"3997869":-10,"4063405":-10,"4128941":-10,"4194477":-10,"4260013":-10,"4325549":-10,"4391085":-10,"4456621":-10,"4522157":-10,"4587693":-10,"4653229":-10,"4718765":-10,"4784301":-10,"4849837":-10,"4915373":-10,"4980909":-10,"5046445":-10,"5111981":-10,"5177517":-10,"5243053":-10,"5308589":-10,"5374125":-10,"5439661":-10,"5505197":-10,"5570733":-10,"5636269":-10,"5701805":-10,"5767341":-10,"5832877":-10,"5898413":-10,"5963949":-10,"6095021":-10,"6160557":-10,"6226093":-10,"6291629":-10,"6357165":-10,"6422701":-10,"6488237":-10,"6553773":-10,"6619309":-10,"6684845":-10,"6750381":-10,"6815917":-10,"6881453":-10,"6946989":-10,"7012525":-10,"7078061":-10,"7143597":-10,"7209133":-10,"7274669":-10,"7340205":-10,"7405741":-10,"7471277":-10,"7536813":-10,"7602349":-10,"7667885":-10,"7733421":-10,"7798957":-10,"7864493":-10,"7930029":-10,"7995565":-10,"8061101":-10,"8126637":-10,"8192173":-10,"8257709":-10,"-196435":-10,"-3669843":-10,"-3997523":-10,"-4063059":-10,"-4128595":-10,"-3604307":-10,"-4194131":-10,"-2883411":-10,"-2555731":-10,"-2817875":-10,"-2490195":-10,"-2948947":-10,"-3342163":-10,"-3407699":-10,"-3014483":-10,"-3538771":-10,"-2293587":-10,"-5832531":-10,"-1507155":-10,"-917331":-10,"-1441619":-10,"-1572691":-10,"-1900371":-10,"-2096979":-10,"-1965907":-10,"-2031443":-10,"-851795":-10,"-786259":-10,"-720723":-10,"-458579":-10,"-393043":-10,"-4325203":-10,"-1245011":-10,"-1310547":-10,"-4456275":-10,"-4390739":-10,"-6160211":-10,"-4849491":-10,"-6225747":-10,"-6094675":-10,"-5898067":-10,"-4259667":-10,"-4915027":-10,"-5963603":-10,"-5177171":-10,"-6029139":-10,"-5111635":-10,"-5046099":-10,"-4652883":-10,"-5570387":-10,"-4521811":-10,"-5504851":-10,"-5373779":-10,"-5635923":-10,"-5701459":-10,"-4587347":-10,"-5242707":-10,"-4718419":-10,"-4783955":-10,"-5308243":-10,"-5439456":-10,"-5439455":-10,"-5439454":-10,"-5439453":-10,"-5439452":-10,"-5439451":-10,"-5439450":-10,"-5439449":-10,"-5439448":-10,"-5439447":-10,"-5439446":-10,"-5439445":-10,"-5439444":-10,"-5439443":-10,"-5439442":-10,"-5439441":-10,"-5439440":-10,"-5439439":-10,"-5439438":-10,"-5439437":-10,"-5439436":-10,"-5439435":-10,"-5439434":-10,"-5439433":-10,"-5439432":-10,"-5439431":-10,"-5439430":-10,"-5439429":-10,"-5439428":-10,"-5439427":-10,"-5439426":-10,"-5439425":-10,"-5439424":-10,"-5439423":-10,"-5439422":-10,"-5439421":-10,"-5439420":-10,"-5439419":-10,"-5439418":-10,"-5439417":-10,"-5439416":-10,"-5439415":-10,"-5439414":-10,"-5439413":-10,"-5439412":-10,"-5439411":-10,"-5439410":-10,"-5439409":-10,"-5439408":-10,"-5439407":-10,"-5439406":-10,"-5439405":-10,"-5439404":-10,"-5439403":-10,"-5439402":-10,"-5439401":-10,"-5439400":-10,"-5439399":-10,"-5439398":-10,"-5439397":-10,"-5439395":-10,"-5439394":-10,"-5439393":-10,"-5439392":-10,"-5439391":-10,"-5439390":-10,"-5439389":-10,"-5439388":-10,"-5439387":-10,"-5439386":-10,"-5439385":-10,"-5439384":-10,"-5439383":-10,"-5439382":-10,"-5439381":-10,"-5439380":-10,"-5439379":-10,"-5439378":-10,"-5439377":-10,"-5439376":-10,"-5439375":-10,"-5439374":-10,"-5439373":-10,"-5439372":-10,"-5439371":-10,"-5439370":-10,"-5439369":-10,"-5439368":-10,"-5439367":-10,"-5439366":-10,"-5439365":-10,"-5439364":-10,"-5439363":-10,"-5439362":-10,"-5439327":-10,"-5439326":-10,"-5439325":-10,"-5439324":-10,"-5439323":-10,"-5439322":-10,"-5439321":-10,"-5439320":-10,"-5439319":-10,"-5439318":-10,"-5439317":-10,"-5439316":-10,"-5439314":-10,"-5439313":-10,"-5439312":-10,"-5439311":-10,"-5439310":-10,"-5439309":-10,"-5439308":-10,"-5439307":-10,"-5439306":-10,"-5439305":-10,"-5439304":-10,"-5439303":-10,"-5439302":-10,"-5439301":-10,"-5439300":-10,"-5439299":-10,"-5439298":-10,"-5439297":-10,"-5439488":-10,"-5439296":-10,"-5439295":-10,"-5439294":-10,"-5439293":-10,"-5439288":-10,"-5439287":-10,"-5439286":-10,"-5439284":-10,"-5439283":-10,"-5439278":-10,"-5439277":-10,"-5439276":-10,"-5439275":-10,"-5439271":-10,"-5439270":-10,"-5439267":-10,"-5439264":-10,"-5439263":-10,"-5439262":-10,"-5439261":-10,"-5439256":-10,"-5439255":-10,"-5439254":-10,"-5439252":-10,"-5439251":-10,"-5439246":-10,"-5439245":-10,"-5439244":-10,"-5439243":-10,"-5439239":-10,"-5439238":-10,"-5439235":-10,"-4980563":-10,"-5766995":-10}}]],0,0,[0],[0],[0]]